contract_address,minute,price,symbol,timestamp
0x96f6ef951840721adbf46ac996b59e0235cb985c,2024-04-16 16:02:00.000 UTC,1.020505,USDY,1713297720
0x96f6ef951840721adbf46ac996b59e0235cb985c,2024-04-16 16:04:00.000 UTC,1.020505,USDY,1713297840
0x3c3a81e81dc49a522a592e7622a7e711c06bf354,2024-04-16 16:05:00.000 UTC,1.080429,MNT,1713297900
0x3c3a81e81dc49a522a592e7622a7e711c06bf354,2024-04-16 16:05:00.000 UTC,1.080429,MNT,1713297900
0x96f6ef951840721adbf46ac996b59e0235cb985c,2024-04-16 16:06:00.000 UTC,1.020822,USDY,1713297960
0x96f6ef951840721adbf46ac996b59e0235cb985c,2024-04-16 16:08:00.000 UTC,1.020822,USDY,1713298080
0x6b175474e89094c44da98b954eedeac495271d0f,2024-04-16 16:10:00.000 UTC,1.001867,DAI,1713298200
0x96f6ef951840721adbf46ac996b59e0235cb985c,2024-04-16 16:10:00.000 UTC,1.021475,USDY,1713298200
0x3c3a81e81dc49a522a592e7622a7e711c06bf354,2024-04-16 16:10:00.000 UTC,1.076873,MNT,1713298200
0x3c3a81e81dc49a522a592e7622a7e711c06bf354,2024-04-16 16:10:00.000 UTC,1.076873,MNT,1713298200
0x3c3a81e81dc49a522a592e7622a7e711c06bf354,2024-04-16 16:10:00.000 UTC,1.076873,MNT,1713298200
0xdac17f958d2ee523a2206206994597c13d831ec7,2024-04-16 16:10:00.000 UTC,1.002961,USDT,1713298200
0xa0b86991c6218b36c1d19d4a2e9eb0ce3606eb48,2024-04-16 16:10:00.000 UTC,1.002331,USDC,1713298200
0x2260fac5e5542a773aa44fbcfedf7c193bc2c599,2024-04-16 16:10:00.000 UTC,61942.04,WBTC,1713298200
0xc02aaa39b223fe8d0a0e5c4f27ead9083c756cc2,2024-04-16 16:10:00.000 UTC,3021.52,WETH,1713298200
0xd5f7838f5c461feff7fe49ea5ebaf7728bb0adfa,2024-04-16 16:10:00.000 UTC,3101.61,mETH,1713298200
0x96f6ef951840721adbf46ac996b59e0235cb985c,2024-04-16 16:12:00.000 UTC,1.021475,USDY,1713298320
0x96f6ef951840721adbf46ac996b59e0235cb985c,2024-04-16 16:14:00.000 UTC,1.021475,USDY,1713298440
0x3c3a81e81dc49a522a592e7622a7e711c06bf354,2024-04-16 16:15:00.000 UTC,1.073139,MNT,1713298500
0x3c3a81e81dc49a522a592e7622a7e711c06bf354,2024-04-16 16:15:00.000 UTC,1.073139,MNT,1713298500
0x96f6ef951840721adbf46ac996b59e0235cb985c,2024-04-16 16:16:00.000 UTC,1.01957,USDY,1713298560
0x96f6ef951840721adbf46ac996b59e0235cb985c,2024-04-16 16:18:00.000 UTC,1.01957,USDY,1713298680
0x96f6ef951840721adbf46ac996b59e0235cb985c,2024-04-16 16:20:00.000 UTC,1.020292,USDY,1713298800
0x6b175474e89094c44da98b954eedeac495271d0f,2024-04-16 16:20:00.000 UTC,1.000514,DAI,1713298800
0xd5f7838f5c461feff7fe49ea5ebaf7728bb0adfa,2024-04-16 16:20:00.000 UTC,3101.88,mETH,1713298800
0x3c3a81e81dc49a522a592e7622a7e711c06bf354,2024-04-16 16:20:00.000 UTC,1.079479,MNT,1713298800
0x3c3a81e81dc49a522a592e7622a7e711c06bf354,2024-04-16 16:20:00.000 UTC,1.079479,MNT,1713298800
0x2260fac5e5542a773aa44fbcfedf7c193bc2c599,2024-04-16 16:20:00.000 UTC,61948.36,WBTC,1713298800
0xdac17f958d2ee523a2206206994597c13d831ec7,2024-04-16 16:20:00.000 UTC,1.001761,USDT,1713298800
0xc02aaa39b223fe8d0a0e5c4f27ead9083c756cc2,2024-04-16 16:20:00.000 UTC,3022.29,WETH,1713298800
0xa0b86991c6218b36c1d19d4a2e9eb0ce3606eb48,2024-04-16 16:20:00.000 UTC,1.001383,USDC,1713298800
0x3c3a81e81dc49a522a592e7622a7e711c06bf354,2024-04-16 16:20:00.000 UTC,1.079479,MNT,1713298800
0x96f6ef951840721adbf46ac996b59e0235cb985c,2024-04-16 16:22:00.000 UTC,1.020292,USDY,1713298920
0x96f6ef951840721adbf46ac996b59e0235cb985c,2024-04-16 16:24:00.000 UTC,1.020292,USDY,1713299040
0x3c3a81e81dc49a522a592e7622a7e711c06bf354,2024-04-16 16:25:00.000 UTC,1.074016,MNT,1713299100
0x3c3a81e81dc49a522a592e7622a7e711c06bf354,2024-04-16 16:25:00.000 UTC,1.074016,MNT,1713299100
0x96f6ef951840721adbf46ac996b59e0235cb985c,2024-04-16 16:26:00.000 UTC,1.019907,USDY,1713299160
0x96f6ef951840721adbf46ac996b59e0235cb985c,2024-04-16 16:28:00.000 UTC,1.019907,USDY,1713299280
0x6b175474e89094c44da98b954eedeac495271d0f,2024-04-16 16:30:00.000 UTC,1.001955,DAI,1713299400
0x3c3a81e81dc49a522a592e7622a7e711c06bf354,2024-04-16 16:30:00.000 UTC,1.076179,MNT,1713299400
0xdac17f958d2ee523a2206206994597c13d831ec7,2024-04-16 16:30:00.000 UTC,1.002,USDT,1713299400
0x96f6ef951840721adbf46ac996b59e0235cb985c,2024-04-16 16:30:00.000 UTC,1.020895,USDY,1713299400
0xd5f7838f5c461feff7fe49ea5ebaf7728bb0adfa,2024-04-16 16:30:00.000 UTC,3099.84,mETH,1713299400
0xc02aaa39b223fe8d0a0e5c4f27ead9083c756cc2,2024-04-16 16:30:00.000 UTC,3022.32,WETH,1713299400
0x3c3a81e81dc49a522a592e7622a7e711c06bf354,2024-04-16 16:30:00.000 UTC,1.076179,MNT,1713299400
0x2260fac5e5542a773aa44fbcfedf7c193bc2c599,2024-04-16 16:30:00.000 UTC,61958.25,WBTC,1713299400
0xa0b86991c6218b36c1d19d4a2e9eb0ce3606eb48,2024-04-16 16:30:00.000 UTC,1.00199,USDC,1713299400
0x3c3a81e81dc49a522a592e7622a7e711c06bf354,2024-04-16 16:30:00.000 UTC,1.076179,MNT,1713299400
0x96f6ef951840721adbf46ac996b59e0235cb985c,2024-04-16 16:32:00.000 UTC,1.020895,USDY,1713299520
0x96f6ef951840721adbf46ac996b59e0235cb985c,2024-04-16 16:34:00.000 UTC,1.020895,USDY,1713299640
0x3c3a81e81dc49a522a592e7622a7e711c06bf354,2024-04-16 16:35:00.000 UTC,1.077946,MNT,1713299700
0x3c3a81e81dc49a522a592e7622a7e711c06bf354,2024-04-16 16:35:00.000 UTC,1.077946,MNT,1713299700
0x96f6ef951840721adbf46ac996b59e0235cb985c,2024-04-16 16:36:00.000 UTC,1.020897,USDY,1713299760
0x96f6ef951840721adbf46ac996b59e0235cb985c,2024-04-16 16:38:00.000 UTC,1.020897,USDY,1713299880
0x3c3a81e81dc49a522a592e7622a7e711c06bf354,2024-04-16 16:40:00.000 UTC,1.078889,MNT,1713300000
0xa0b86991c6218b36c1d19d4a2e9eb0ce3606eb48,2024-04-16 16:40:00.000 UTC,1.000811,USDC,1713300000
0x2260fac5e5542a773aa44fbcfedf7c193bc2c599,2024-04-16 16:40:00.000 UTC,62025.79,WBTC,1713300000
0xc02aaa39b223fe8d0a0e5c4f27ead9083c756cc2,2024-04-16 16:40:00.000 UTC,3021.06,WETH,1713300000
0x6b175474e89094c44da98b954eedeac495271d0f,2024-04-16 16:40:00.000 UTC,1.002174,DAI,1713300000
0x96f6ef951840721adbf46ac996b59e0235cb985c,2024-04-16 16:40:00.000 UTC,1.019344,USDY,1713300000
0x3c3a81e81dc49a522a592e7622a7e711c06bf354,2024-04-16 16:40:00.000 UTC,1.078889,MNT,1713300000
0xd5f7838f5c461feff7fe49ea5ebaf7728bb0adfa,2024-04-16 16:40:00.000 UTC,3098.89,mETH,1713300000
0xdac17f958d2ee523a2206206994597c13d831ec7,2024-04-16 16:40:00.000 UTC,1.000859,USDT,1713300000
0x3c3a81e81dc49a522a592e7622a7e711c06bf354,2024-04-16 16:40:00.000 UTC,1.078889,MNT,1713300000
0x96f6ef951840721adbf46ac996b59e0235cb985c,2024-04-16 16:42:00.000 UTC,1.019344,USDY,1713300120
0x96f6ef951840721adbf46ac996b59e0235cb985c,2024-04-16 16:44:00.000 UTC,1.019344,USDY,1713300240
0x3c3a81e81dc49a522a592e7622a7e711c06bf354,2024-04-16 16:45:00.000 UTC,1.0846,MNT,1713300300
0x3c3a81e81dc49a522a592e7622a7e711c06bf354,2024-04-16 16:45:00.000 UTC,1.0846,MNT,1713300300
0x96f6ef951840721adbf46ac996b59e0235cb985c,2024-04-16 16:46:00.000 UTC,1.020788,USDY,1713300360
0x96f6ef951840721adbf46ac996b59e0235cb985c,2024-04-16 16:48:00.000 UTC,1.020788,USDY,1713300480
0x6b175474e89094c44da98b954eedeac495271d0f,2024-04-16 16:50:00.000 UTC,1.002381,DAI,1713300600
0x2260fac5e5542a773aa44fbcfedf7c193bc2c599,2024-04-16 16:50:00.000 UTC,62320.41,WBTC,1713300600
0x3c3a81e81dc49a522a592e7622a7e711c06bf354,2024-04-16 16:50:00.000 UTC,1.092614,MNT,1713300600
0xd5f7838f5c461feff7fe49ea5ebaf7728bb0adfa,2024-04-16 16:50:00.000 UTC,3121.19,mETH,1713300600
0xa0b86991c6218b36c1d19d4a2e9eb0ce3606eb48,2024-04-16 16:50:00.000 UTC,1.001537,USDC,1713300600
0x96f6ef951840721adbf46ac996b59e0235cb985c,2024-04-16 16:50:00.000 UTC,1.020029,USDY,1713300600
0x3c3a81e81dc49a522a592e7622a7e711c06bf354,2024-04-16 16:50:00.000 UTC,1.092614,MNT,1713300600
0xdac17f958d2ee523a2206206994597c13d831ec7,2024-04-16 16:50:00.000 UTC,1.001145,USDT,1713300600
0xc02aaa39b223fe8d0a0e5c4f27ead9083c756cc2,2024-04-16 16:50:00.000 UTC,3043.67,WETH,1713300600
0x3c3a81e81dc49a522a592e7622a7e711c06bf354,2024-04-16 16:50:00.000 UTC,1.092614,MNT,1713300600
0x96f6ef951840721adbf46ac996b59e0235cb985c,2024-04-16 16:52:00.000 UTC,1.020029,USDY,1713300720
0x96f6ef951840721adbf46ac996b59e0235cb985c,2024-04-16 16:54:00.000 UTC,1.020029,USDY,1713300840
0x3c3a81e81dc49a522a592e7622a7e711c06bf354,2024-04-16 16:55:00.000 UTC,1.099144,MNT,1713300900
0x3c3a81e81dc49a522a592e7622a7e711c06bf354,2024-04-16 16:55:00.000 UTC,1.099144,MNT,1713300900
0x96f6ef951840721adbf46ac996b59e0235cb985c,2024-04-16 16:56:00.000 UTC,1.020029,USDY,1713300960
0x96f6ef951840721adbf46ac996b59e0235cb985c,2024-04-16 16:58:00.000 UTC,1.020029,USDY,1713301080
0x3c3a81e81dc49a522a592e7622a7e711c06bf354,2024-04-16 17:00:00.000 UTC,1.098772,MNT,1713301200
0xa0b86991c6218b36c1d19d4a2e9eb0ce3606eb48,2024-04-16 17:00:00.000 UTC,1.000483,USDC,1713301200
0xd5f7838f5c461feff7fe49ea5ebaf7728bb0adfa,2024-04-16 17:00:00.000 UTC,3132.3,mETH,1713301200
0x96f6ef951840721adbf46ac996b59e0235cb985c,2024-04-16 17:00:00.000 UTC,1.018678,USDY,1713301200
0x6b175474e89094c44da98b954eedeac495271d0f,2024-04-16 17:00:00.000 UTC,1.000978,DAI,1713301200
0x3c3a81e81dc49a522a592e7622a7e711c06bf354,2024-04-16 17:00:00.000 UTC,1.098772,MNT,1713301200
0x3c3a81e81dc49a522a592e7622a7e711c06bf354,2024-04-16 17:00:00.000 UTC,1.098772,MNT,1713301200
0xc02aaa39b223fe8d0a0e5c4f27ead9083c756cc2,2024-04-16 17:00:00.000 UTC,3051.92,WETH,1713301200
0xdac17f958d2ee523a2206206994597c13d831ec7,2024-04-16 17:00:00.000 UTC,0.999773,USDT,1713301200
0x2260fac5e5542a773aa44fbcfedf7c193bc2c599,2024-04-16 17:00:00.000 UTC,62530.12,WBTC,1713301200
0x96f6ef951840721adbf46ac996b59e0235cb985c,2024-04-16 17:02:00.000 UTC,1.018678,USDY,1713301320
0x96f6ef951840721adbf46ac996b59e0235cb985c,2024-04-16 17:04:00.000 UTC,1.018678,USDY,1713301440
0x3c3a81e81dc49a522a592e7622a7e711c06bf354,2024-04-16 17:05:00.000 UTC,1.098662,MNT,1713301500
0x3c3a81e81dc49a522a592e7622a7e711c06bf354,2024-04-16 17:05:00.000 UTC,1.098662,MNT,1713301500
0x96f6ef951840721adbf46ac996b59e0235cb985c,2024-04-16 17:06:00.000 UTC,1.019859,USDY,1713301560
0x96f6ef951840721adbf46ac996b59e0235cb985c,2024-04-16 17:08:00.000 UTC,1.019859,USDY,1713301680
0x96f6ef951840721adbf46ac996b59e0235cb985c,2024-04-16 17:10:00.000 UTC,1.019329,USDY,1713301800
0xdac17f958d2ee523a2206206994597c13d831ec7,2024-04-16 17:10:00.000 UTC,1.000303,USDT,1713301800
0xc02aaa39b223fe8d0a0e5c4f27ead9083c756cc2,2024-04-16 17:10:00.000 UTC,3062.5,WETH,1713301800
0xa0b86991c6218b36c1d19d4a2e9eb0ce3606eb48,2024-04-16 17:10:00.000 UTC,1.000963,USDC,1713301800
0x3c3a81e81dc49a522a592e7622a7e711c06bf354,2024-04-16 17:10:00.000 UTC,1.107125,MNT,1713301800
0x2260fac5e5542a773aa44fbcfedf7c193bc2c599,2024-04-16 17:10:00.000 UTC,62828.69,WBTC,1713301800
0x6b175474e89094c44da98b954eedeac495271d0f,2024-04-16 17:10:00.000 UTC,1.0013,DAI,1713301800
0x3c3a81e81dc49a522a592e7622a7e711c06bf354,2024-04-16 17:10:00.000 UTC,1.107125,MNT,1713301800
0xd5f7838f5c461feff7fe49ea5ebaf7728bb0adfa,2024-04-16 17:10:00.000 UTC,3143.68,mETH,1713301800
0x3c3a81e81dc49a522a592e7622a7e711c06bf354,2024-04-16 17:10:00.000 UTC,1.107125,MNT,1713301800
0x96f6ef951840721adbf46ac996b59e0235cb985c,2024-04-16 17:12:00.000 UTC,1.019329,USDY,1713301920
0x96f6ef951840721adbf46ac996b59e0235cb985c,2024-04-16 17:14:00.000 UTC,1.019329,USDY,1713302040
0x3c3a81e81dc49a522a592e7622a7e711c06bf354,2024-04-16 17:15:00.000 UTC,1.104114,MNT,1713302100
0x3c3a81e81dc49a522a592e7622a7e711c06bf354,2024-04-16 17:15:00.000 UTC,1.104114,MNT,1713302100
0x96f6ef951840721adbf46ac996b59e0235cb985c,2024-04-16 17:16:00.000 UTC,1.018924,USDY,1713302160
0x96f6ef951840721adbf46ac996b59e0235cb985c,2024-04-16 17:18:00.000 UTC,1.018924,USDY,1713302280
0x6b175474e89094c44da98b954eedeac495271d0f,2024-04-16 17:20:00.000 UTC,1.001516,DAI,1713302400
0xd5f7838f5c461feff7fe49ea5ebaf7728bb0adfa,2024-04-16 17:20:00.000 UTC,3152.71,mETH,1713302400
0x3c3a81e81dc49a522a592e7622a7e711c06bf354,2024-04-16 17:20:00.000 UTC,1.108024,MNT,1713302400
0x96f6ef951840721adbf46ac996b59e0235cb985c,2024-04-16 17:20:00.000 UTC,1.01883,USDY,1713302400
0x3c3a81e81dc49a522a592e7622a7e711c06bf354,2024-04-16 17:20:00.000 UTC,1.108024,MNT,1713302400
0x3c3a81e81dc49a522a592e7622a7e711c06bf354,2024-04-16 17:20:00.000 UTC,1.108024,MNT,1713302400
0x2260fac5e5542a773aa44fbcfedf7c193bc2c599,2024-04-16 17:20:00.000 UTC,62960.96,WBTC,1713302400
0xa0b86991c6218b36c1d19d4a2e9eb0ce3606eb48,2024-04-16 17:20:00.000 UTC,1.000388,USDC,1713302400
0xdac17f958d2ee523a2206206994597c13d831ec7,2024-04-16 17:20:00.000 UTC,1.000242,USDT,1713302400
0xc02aaa39b223fe8d0a0e5c4f27ead9083c756cc2,2024-04-16 17:20:00.000 UTC,3072.31,WETH,1713302400
0x96f6ef951840721adbf46ac996b59e0235cb985c,2024-04-16 17:22:00.000 UTC,1.01883,USDY,1713302520
0x96f6ef951840721adbf46ac996b59e0235cb985c,2024-04-16 17:24:00.000 UTC,1.01883,USDY,1713302640
0x3c3a81e81dc49a522a592e7622a7e711c06bf354,2024-04-16 17:25:00.000 UTC,1.109803,MNT,1713302700
0x3c3a81e81dc49a522a592e7622a7e711c06bf354,2024-04-16 17:25:00.000 UTC,1.109803,MNT,1713302700
0x96f6ef951840721adbf46ac996b59e0235cb985c,2024-04-16 17:26:00.000 UTC,1.019196,USDY,1713302760
0x96f6ef951840721adbf46ac996b59e0235cb985c,2024-04-16 17:28:00.000 UTC,1.019196,USDY,1713302880
0x3c3a81e81dc49a522a592e7622a7e711c06bf354,2024-04-16 17:30:00.000 UTC,1.111785,MNT,1713303000
0xdac17f958d2ee523a2206206994597c13d831ec7,2024-04-16 17:30:00.000 UTC,1.001754,USDT,1713303000
0x6b175474e89094c44da98b954eedeac495271d0f,2024-04-16 17:30:00.000 UTC,1.002498,DAI,1713303000
0xd5f7838f5c461feff7fe49ea5ebaf7728bb0adfa,2024-04-16 17:30:00.000 UTC,3159.39,mETH,1713303000
0xc02aaa39b223fe8d0a0e5c4f27ead9083c756cc2,2024-04-16 17:30:00.000 UTC,3081.3,WETH,1713303000
0x3c3a81e81dc49a522a592e7622a7e711c06bf354,2024-04-16 17:30:00.000 UTC,1.111785,MNT,1713303000
0x96f6ef951840721adbf46ac996b59e0235cb985c,2024-04-16 17:30:00.000 UTC,1.020552,USDY,1713303000
0x2260fac5e5542a773aa44fbcfedf7c193bc2c599,2024-04-16 17:30:00.000 UTC,63199.13,WBTC,1713303000
0xa0b86991c6218b36c1d19d4a2e9eb0ce3606eb48,2024-04-16 17:30:00.000 UTC,1.001939,USDC,1713303000
0x3c3a81e81dc49a522a592e7622a7e711c06bf354,2024-04-16 17:30:00.000 UTC,1.111785,MNT,1713303000
0x96f6ef951840721adbf46ac996b59e0235cb985c,2024-04-16 17:32:00.000 UTC,1.020552,USDY,1713303120
0x96f6ef951840721adbf46ac996b59e0235cb985c,2024-04-16 17:34:00.000 UTC,1.020552,USDY,1713303240
0x3c3a81e81dc49a522a592e7622a7e711c06bf354,2024-04-16 17:35:00.000 UTC,1.102845,MNT,1713303300
0x3c3a81e81dc49a522a592e7622a7e711c06bf354,2024-04-16 17:35:00.000 UTC,1.102845,MNT,1713303300
0x96f6ef951840721adbf46ac996b59e0235cb985c,2024-04-16 17:36:00.000 UTC,1.019374,USDY,1713303360
0x96f6ef951840721adbf46ac996b59e0235cb985c,2024-04-16 17:38:00.000 UTC,1.019374,USDY,1713303480
0xdac17f958d2ee523a2206206994597c13d831ec7,2024-04-16 17:40:00.000 UTC,1.002315,USDT,1713303600
0x2260fac5e5542a773aa44fbcfedf7c193bc2c599,2024-04-16 17:40:00.000 UTC,62993.93,WBTC,1713303600
0x3c3a81e81dc49a522a592e7622a7e711c06bf354,2024-04-16 17:40:00.000 UTC,1.108121,MNT,1713303600
0x6b175474e89094c44da98b954eedeac495271d0f,2024-04-16 17:40:00.000 UTC,1.001801,DAI,1713303600
0xd5f7838f5c461feff7fe49ea5ebaf7728bb0adfa,2024-04-16 17:40:00.000 UTC,3147.5,mETH,1713303600
0x96f6ef951840721adbf46ac996b59e0235cb985c,2024-04-16 17:40:00.000 UTC,1.020264,USDY,1713303600
0xc02aaa39b223fe8d0a0e5c4f27ead9083c756cc2,2024-04-16 17:40:00.000 UTC,3070.85,WETH,1713303600
0x3c3a81e81dc49a522a592e7622a7e711c06bf354,2024-04-16 17:40:00.000 UTC,1.108121,MNT,1713303600
0xa0b86991c6218b36c1d19d4a2e9eb0ce3606eb48,2024-04-16 17:40:00.000 UTC,1.001878,USDC,1713303600
0x3c3a81e81dc49a522a592e7622a7e711c06bf354,2024-04-16 17:40:00.000 UTC,1.108121,MNT,1713303600
0x96f6ef951840721adbf46ac996b59e0235cb985c,2024-04-16 17:42:00.000 UTC,1.020264,USDY,1713303720
0x96f6ef951840721adbf46ac996b59e0235cb985c,2024-04-16 17:44:00.000 UTC,1.020264,USDY,1713303840
0x3c3a81e81dc49a522a592e7622a7e711c06bf354,2024-04-16 17:45:00.000 UTC,1.109995,MNT,1713303900
0x3c3a81e81dc49a522a592e7622a7e711c06bf354,2024-04-16 17:45:00.000 UTC,1.109995,MNT,1713303900
0x96f6ef951840721adbf46ac996b59e0235cb985c,2024-04-16 17:46:00.000 UTC,1.019489,USDY,1713303960
0x96f6ef951840721adbf46ac996b59e0235cb985c,2024-04-16 17:48:00.000 UTC,1.019489,USDY,1713304080
0xd5f7838f5c461feff7fe49ea5ebaf7728bb0adfa,2024-04-16 17:50:00.000 UTC,3139.08,mETH,1713304200
0x3c3a81e81dc49a522a592e7622a7e711c06bf354,2024-04-16 17:50:00.000 UTC,1.107348,MNT,1713304200
0xdac17f958d2ee523a2206206994597c13d831ec7,2024-04-16 17:50:00.000 UTC,1.001882,USDT,1713304200
0x3c3a81e81dc49a522a592e7622a7e711c06bf354,2024-04-16 17:50:00.000 UTC,1.107348,MNT,1713304200
0xa0b86991c6218b36c1d19d4a2e9eb0ce3606eb48,2024-04-16 17:50:00.000 UTC,1.001458,USDC,1713304200
0x6b175474e89094c44da98b954eedeac495271d0f,2024-04-16 17:50:00.000 UTC,1.001084,DAI,1713304200
0x3c3a81e81dc49a522a592e7622a7e711c06bf354,2024-04-16 17:50:00.000 UTC,1.107348,MNT,1713304200
0x2260fac5e5542a773aa44fbcfedf7c193bc2c599,2024-04-16 17:50:00.000 UTC,62834.82,WBTC,1713304200
0xc02aaa39b223fe8d0a0e5c4f27ead9083c756cc2,2024-04-16 17:50:00.000 UTC,3062.39,WETH,1713304200
0x96f6ef951840721adbf46ac996b59e0235cb985c,2024-04-16 17:50:00.000 UTC,1.019972,USDY,1713304200
0x96f6ef951840721adbf46ac996b59e0235cb985c,2024-04-16 17:52:00.000 UTC,1.019972,USDY,1713304320
0x96f6ef951840721adbf46ac996b59e0235cb985c,2024-04-16 17:54:00.000 UTC,1.019972,USDY,1713304440
0x3c3a81e81dc49a522a592e7622a7e711c06bf354,2024-04-16 17:55:00.000 UTC,1.102285,MNT,1713304500
0x3c3a81e81dc49a522a592e7622a7e711c06bf354,2024-04-16 17:55:00.000 UTC,1.102285,MNT,1713304500
0x96f6ef951840721adbf46ac996b59e0235cb985c,2024-04-16 17:56:00.000 UTC,1.018725,USDY,1713304560
0x96f6ef951840721adbf46ac996b59e0235cb985c,2024-04-16 17:58:00.000 UTC,1.018725,USDY,1713304680
0x3c3a81e81dc49a522a592e7622a7e711c06bf354,2024-04-16 18:00:00.000 UTC,1.102693,MNT,1713304800
0xdac17f958d2ee523a2206206994597c13d831ec7,2024-04-16 18:00:00.000 UTC,1.000634,USDT,1713304800
0x3c3a81e81dc49a522a592e7622a7e711c06bf354,2024-04-16 18:00:00.000 UTC,1.102693,MNT,1713304800
0xa0b86991c6218b36c1d19d4a2e9eb0ce3606eb48,2024-04-16 18:00:00.000 UTC,0.999993,USDC,1713304800
0xd5f7838f5c461feff7fe49ea5ebaf7728bb0adfa,2024-04-16 18:00:00.000 UTC,3119.44,mETH,1713304800
0xc02aaa39b223fe8d0a0e5c4f27ead9083c756cc2,2024-04-16 18:00:00.000 UTC,3042.71,WETH,1713304800
0x3c3a81e81dc49a522a592e7622a7e711c06bf354,2024-04-16 18:00:00.000 UTC,1.102693,MNT,1713304800
0x2260fac5e5542a773aa44fbcfedf7c193bc2c599,2024-04-16 18:00:00.000 UTC,62469.56,WBTC,1713304800
0x6b175474e89094c44da98b954eedeac495271d0f,2024-04-16 18:00:00.000 UTC,0.999832,DAI,1713304800
0x96f6ef951840721adbf46ac996b59e0235cb985c,2024-04-16 18:00:00.000 UTC,1.018284,USDY,1713304800
0x96f6ef951840721adbf46ac996b59e0235cb985c,2024-04-16 18:02:00.000 UTC,1.018284,USDY,1713304920
0x96f6ef951840721adbf46ac996b59e0235cb985c,2024-04-16 18:04:00.000 UTC,1.018284,USDY,1713305040
0x3c3a81e81dc49a522a592e7622a7e711c06bf354,2024-04-16 18:05:00.000 UTC,1.106035,MNT,1713305100
0x3c3a81e81dc49a522a592e7622a7e711c06bf354,2024-04-16 18:05:00.000 UTC,1.106035,MNT,1713305100
0x96f6ef951840721adbf46ac996b59e0235cb985c,2024-04-16 18:06:00.000 UTC,1.018626,USDY,1713305160
0x96f6ef951840721adbf46ac996b59e0235cb985c,2024-04-16 18:08:00.000 UTC,1.018626,USDY,1713305280
0xdac17f958d2ee523a2206206994597c13d831ec7,2024-04-16 18:10:00.000 UTC,0.999208,USDT,1713305400
0x6b175474e89094c44da98b954eedeac495271d0f,2024-04-16 18:10:00.000 UTC,1.000443,DAI,1713305400
0x3c3a81e81dc49a522a592e7622a7e711c06bf354,2024-04-16 18:10:00.000 UTC,1.107929,MNT,1713305400
0x2260fac5e5542a773aa44fbcfedf7c193bc2c599,2024-04-16 18:10:00.000 UTC,62599.94,WBTC,1713305400
0xd5f7838f5c461feff7fe49ea5ebaf7728bb0adfa,2024-04-16 18:10:00.000 UTC,3125.11,mETH,1713305400
0xc02aaa39b223fe8d0a0e5c4f27ead9083c756cc2,2024-04-16 18:10:00.000 UTC,3046.95,WETH,1713305400
0x3c3a81e81dc49a522a592e7622a7e711c06bf354,2024-04-16 18:10:00.000 UTC,1.107929,MNT,1713305400
0x3c3a81e81dc49a522a592e7622a7e711c06bf354,2024-04-16 18:10:00.000 UTC,1.107929,MNT,1713305400
0xa0b86991c6218b36c1d19d4a2e9eb0ce3606eb48,2024-04-16 18:10:00.000 UTC,0.999445,USDC,1713305400
0x96f6ef951840721adbf46ac996b59e0235cb985c,2024-04-16 18:10:00.000 UTC,1.01634,USDY,1713305400
0x96f6ef951840721adbf46ac996b59e0235cb985c,2024-04-16 18:12:00.000 UTC,1.01634,USDY,1713305520
0x96f6ef951840721adbf46ac996b59e0235cb985c,2024-04-16 18:14:00.000 UTC,1.01634,USDY,1713305640
0x3c3a81e81dc49a522a592e7622a7e711c06bf354,2024-04-16 18:15:00.000 UTC,1.112868,MNT,1713305700
0x3c3a81e81dc49a522a592e7622a7e711c06bf354,2024-04-16 18:15:00.000 UTC,1.112868,MNT,1713305700
0x96f6ef951840721adbf46ac996b59e0235cb985c,2024-04-16 18:16:00.000 UTC,1.018116,USDY,1713305760
0x96f6ef951840721adbf46ac996b59e0235cb985c,2024-04-16 18:18:00.000 UTC,1.018116,USDY,1713305880
0xdac17f958d2ee523a2206206994597c13d831ec7,2024-04-16 18:20:00.000 UTC,1.00181,USDT,1713306000
0x3c3a81e81dc49a522a592e7622a7e711c06bf354,2024-04-16 18:20:00.000 UTC,1.107245,MNT,1713306000
0x6b175474e89094c44da98b954eedeac495271d0f,2024-04-16 18:20:00.000 UTC,1.000707,DAI,1713306000
0x2260fac5e5542a773aa44fbcfedf7c193bc2c599,2024-04-16 18:20:00.000 UTC,62889.87,WBTC,1713306000
0x3c3a81e81dc49a522a592e7622a7e711c06bf354,2024-04-16 18:20:00.000 UTC,1.107245,MNT,1713306000
0xd5f7838f5c461feff7fe49ea5ebaf7728bb0adfa,2024-04-16 18:20:00.000 UTC,3139.3,mETH,1713306000
0x96f6ef951840721adbf46ac996b59e0235cb985c,2024-04-16 18:20:00.000 UTC,1.017581,USDY,1713306000
0xa0b86991c6218b36c1d19d4a2e9eb0ce3606eb48,2024-04-16 18:20:00.000 UTC,1.001276,USDC,1713306000
0x3c3a81e81dc49a522a592e7622a7e711c06bf354,2024-04-16 18:20:00.000 UTC,1.107245,MNT,1713306000
0xc02aaa39b223fe8d0a0e5c4f27ead9083c756cc2,2024-04-16 18:20:00.000 UTC,3061.09,WETH,1713306000
0x96f6ef951840721adbf46ac996b59e0235cb985c,2024-04-16 18:22:00.000 UTC,1.017581,USDY,1713306120
0x96f6ef951840721adbf46ac996b59e0235cb985c,2024-04-16 18:24:00.000 UTC,1.017581,USDY,1713306240
0x3c3a81e81dc49a522a592e7622a7e711c06bf354,2024-04-16 18:25:00.000 UTC,1.109851,MNT,1713306300
0x3c3a81e81dc49a522a592e7622a7e711c06bf354,2024-04-16 18:25:00.000 UTC,1.109851,MNT,1713306300
0x96f6ef951840721adbf46ac996b59e0235cb985c,2024-04-16 18:26:00.000 UTC,1.016945,USDY,1713306360
0x96f6ef951840721adbf46ac996b59e0235cb985c,2024-04-16 18:28:00.000 UTC,1.016945,USDY,1713306480
0xc02aaa39b223fe8d0a0e5c4f27ead9083c756cc2,2024-04-16 18:30:00.000 UTC,3055.88,WETH,1713306600
0x3c3a81e81dc49a522a592e7622a7e711c06bf354,2024-04-16 18:30:00.000 UTC,1.112148,MNT,1713306600
0x2260fac5e5542a773aa44fbcfedf7c193bc2c599,2024-04-16 18:30:00.000 UTC,62698.23,WBTC,1713306600
0x96f6ef951840721adbf46ac996b59e0235cb985c,2024-04-16 18:30:00.000 UTC,1.016298,USDY,1713306600
0x6b175474e89094c44da98b954eedeac495271d0f,2024-04-16 18:30:00.000 UTC,1.000567,DAI,1713306600
0x3c3a81e81dc49a522a592e7622a7e711c06bf354,2024-04-16 18:30:00.000 UTC,1.112148,MNT,1713306600
0x3c3a81e81dc49a522a592e7622a7e711c06bf354,2024-04-16 18:30:00.000 UTC,1.112148,MNT,1713306600
0xdac17f958d2ee523a2206206994597c13d831ec7,2024-04-16 18:30:00.000 UTC,1.00103,USDT,1713306600
0xd5f7838f5c461feff7fe49ea5ebaf7728bb0adfa,2024-04-16 18:30:00.000 UTC,3135.73,mETH,1713306600
0xa0b86991c6218b36c1d19d4a2e9eb0ce3606eb48,2024-04-16 18:30:00.000 UTC,1.000588,USDC,1713306600
0x96f6ef951840721adbf46ac996b59e0235cb985c,2024-04-16 18:32:00.000 UTC,1.016298,USDY,1713306720
0x96f6ef951840721adbf46ac996b59e0235cb985c,2024-04-16 18:34:00.000 UTC,1.016298,USDY,1713306840
0x3c3a81e81dc49a522a592e7622a7e711c06bf354,2024-04-16 18:35:00.000 UTC,1.116,MNT,1713306900
0x3c3a81e81dc49a522a592e7622a7e711c06bf354,2024-04-16 18:35:00.000 UTC,1.116,MNT,1713306900
0x96f6ef951840721adbf46ac996b59e0235cb985c,2024-04-16 18:36:00.000 UTC,1.015896,USDY,1713306960
0x96f6ef951840721adbf46ac996b59e0235cb985c,2024-04-16 18:38:00.000 UTC,1.015896,USDY,1713307080
0x3c3a81e81dc49a522a592e7622a7e711c06bf354,2024-04-16 18:40:00.000 UTC,1.117037,MNT,1713307200
0xd5f7838f5c461feff7fe49ea5ebaf7728bb0adfa,2024-04-16 18:40:00.000 UTC,3150.33,mETH,1713307200
0xc02aaa39b223fe8d0a0e5c4f27ead9083c756cc2,2024-04-16 18:40:00.000 UTC,3070.03,WETH,1713307200
0x3c3a81e81dc49a522a592e7622a7e711c06bf354,2024-04-16 18:40:00.000 UTC,1.117037,MNT,1713307200
0xa0b86991c6218b36c1d19d4a2e9eb0ce3606eb48,2024-04-16 18:40:00.000 UTC,1.000983,USDC,1713307200
0x96f6ef951840721adbf46ac996b59e0235cb985c,2024-04-16 18:40:00.000 UTC,1.016712,USDY,1713307200
0x2260fac5e5542a773aa44fbcfedf7c193bc2c599,2024-04-16 18:40:00.000 UTC,62888.76,WBTC,1713307200
0x3c3a81e81dc49a522a592e7622a7e711c06bf354,2024-04-16 18:40:00.000 UTC,1.117037,MNT,1713307200
0x6b175474e89094c44da98b954eedeac495271d0f,2024-04-16 18:40:00.000 UTC,1.001557,DAI,1713307200
0xdac17f958d2ee523a2206206994597c13d831ec7,2024-04-16 18:40:00.000 UTC,1.00103,USDT,1713307200
0x96f6ef951840721adbf46ac996b59e0235cb985c,2024-04-16 18:42:00.000 UTC,1.016712,USDY,1713307320
0x96f6ef951840721adbf46ac996b59e0235cb985c,2024-04-16 18:44:00.000 UTC,1.016712,USDY,1713307440
0x3c3a81e81dc49a522a592e7622a7e711c06bf354,2024-04-16 18:45:00.000 UTC,1.114482,MNT,1713307500
0x3c3a81e81dc49a522a592e7622a7e711c06bf354,2024-04-16 18:45:00.000 UTC,1.114482,MNT,1713307500
0x96f6ef951840721adbf46ac996b59e0235cb985c,2024-04-16 18:46:00.000 UTC,1.016832,USDY,1713307560
0x96f6ef951840721adbf46ac996b59e0235cb985c,2024-04-16 18:48:00.000 UTC,1.016832,USDY,1713307680
0x2260fac5e5542a773aa44fbcfedf7c193bc2c599,2024-04-16 18:50:00.000 UTC,62890.05,WBTC,1713307800
0x3c3a81e81dc49a522a592e7622a7e711c06bf354,2024-04-16 18:50:00.000 UTC,1.112611,MNT,1713307800
0x3c3a81e81dc49a522a592e7622a7e711c06bf354,2024-04-16 18:50:00.000 UTC,1.112611,MNT,1713307800
0xdac17f958d2ee523a2206206994597c13d831ec7,2024-04-16 18:50:00.000 UTC,1.00162,USDT,1713307800
0x6b175474e89094c44da98b954eedeac495271d0f,2024-04-16 18:50:00.000 UTC,1.000955,DAI,1713307800
0x96f6ef951840721adbf46ac996b59e0235cb985c,2024-04-16 18:50:00.000 UTC,1.017191,USDY,1713307800
0xc02aaa39b223fe8d0a0e5c4f27ead9083c756cc2,2024-04-16 18:50:00.000 UTC,3068.99,WETH,1713307800
0xa0b86991c6218b36c1d19d4a2e9eb0ce3606eb48,2024-04-16 18:50:00.000 UTC,1.001245,USDC,1713307800
0xd5f7838f5c461feff7fe49ea5ebaf7728bb0adfa,2024-04-16 18:50:00.000 UTC,3147.4,mETH,1713307800
0x3c3a81e81dc49a522a592e7622a7e711c06bf354,2024-04-16 18:50:00.000 UTC,1.112611,MNT,1713307800
0x96f6ef951840721adbf46ac996b59e0235cb985c,2024-04-16 18:52:00.000 UTC,1.017191,USDY,1713307920
0x96f6ef951840721adbf46ac996b59e0235cb985c,2024-04-16 18:54:00.000 UTC,1.017191,USDY,1713308040
0x3c3a81e81dc49a522a592e7622a7e711c06bf354,2024-04-16 18:55:00.000 UTC,1.111152,MNT,1713308100
0x3c3a81e81dc49a522a592e7622a7e711c06bf354,2024-04-16 18:55:00.000 UTC,1.111152,MNT,1713308100
0x96f6ef951840721adbf46ac996b59e0235cb985c,2024-04-16 18:56:00.000 UTC,1.017294,USDY,1713308160
0x96f6ef951840721adbf46ac996b59e0235cb985c,2024-04-16 18:58:00.000 UTC,1.017294,USDY,1713308280
0xc02aaa39b223fe8d0a0e5c4f27ead9083c756cc2,2024-04-16 19:00:00.000 UTC,3074.95,WETH,1713308400
0x3c3a81e81dc49a522a592e7622a7e711c06bf354,2024-04-16 19:00:00.000 UTC,1.112169,MNT,1713308400
0xd5f7838f5c461feff7fe49ea5ebaf7728bb0adfa,2024-04-16 19:00:00.000 UTC,3155.33,mETH,1713308400
0xdac17f958d2ee523a2206206994597c13d831ec7,2024-04-16 19:00:00.000 UTC,1.000834,USDT,1713308400
0x3c3a81e81dc49a522a592e7622a7e711c06bf354,2024-04-16 19:00:00.000 UTC,1.112169,MNT,1713308400
0x3c3a81e81dc49a522a592e7622a7e711c06bf354,2024-04-16 19:00:00.000 UTC,1.112169,MNT,1713308400
0xa0b86991c6218b36c1d19d4a2e9eb0ce3606eb48,2024-04-16 19:00:00.000 UTC,1.000838,USDC,1713308400
0x96f6ef951840721adbf46ac996b59e0235cb985c,2024-04-16 19:00:00.000 UTC,1.016553,USDY,1713308400
0x2260fac5e5542a773aa44fbcfedf7c193bc2c599,2024-04-16 19:00:00.000 UTC,62990.9,WBTC,1713308400
0x6b175474e89094c44da98b954eedeac495271d0f,2024-04-16 19:00:00.000 UTC,1.00061,DAI,1713308400
0x96f6ef951840721adbf46ac996b59e0235cb985c,2024-04-16 19:02:00.000 UTC,1.016553,USDY,1713308520
0x96f6ef951840721adbf46ac996b59e0235cb985c,2024-04-16 19:04:00.000 UTC,1.016553,USDY,1713308640
0x3c3a81e81dc49a522a592e7622a7e711c06bf354,2024-04-16 19:05:00.000 UTC,1.113467,MNT,1713308700
0x3c3a81e81dc49a522a592e7622a7e711c06bf354,2024-04-16 19:05:00.000 UTC,1.113467,MNT,1713308700
0x96f6ef951840721adbf46ac996b59e0235cb985c,2024-04-16 19:06:00.000 UTC,1.01695,USDY,1713308760
0x96f6ef951840721adbf46ac996b59e0235cb985c,2024-04-16 19:08:00.000 UTC,1.01695,USDY,1713308880
0xdac17f958d2ee523a2206206994597c13d831ec7,2024-04-16 19:10:00.000 UTC,1.00139,USDT,1713309000
0x6b175474e89094c44da98b954eedeac495271d0f,2024-04-16 19:10:00.000 UTC,1.00123,DAI,1713309000
0x96f6ef951840721adbf46ac996b59e0235cb985c,2024-04-16 19:10:00.000 UTC,1.01645,USDY,1713309000
0x3c3a81e81dc49a522a592e7622a7e711c06bf354,2024-04-16 19:10:00.000 UTC,1.112524,MNT,1713309000
0x3c3a81e81dc49a522a592e7622a7e711c06bf354,2024-04-16 19:10:00.000 UTC,1.112524,MNT,1713309000
0xa0b86991c6218b36c1d19d4a2e9eb0ce3606eb48,2024-04-16 19:10:00.000 UTC,1.00121,USDC,1713309000
0xd5f7838f5c461feff7fe49ea5ebaf7728bb0adfa,2024-04-16 19:10:00.000 UTC,3155.04,mETH,1713309000
0xc02aaa39b223fe8d0a0e5c4f27ead9083c756cc2,2024-04-16 19:10:00.000 UTC,3076.68,WETH,1713309000
0x2260fac5e5542a773aa44fbcfedf7c193bc2c599,2024-04-16 19:10:00.000 UTC,63069.38,WBTC,1713309000
0x3c3a81e81dc49a522a592e7622a7e711c06bf354,2024-04-16 19:10:00.000 UTC,1.112524,MNT,1713309000
0x96f6ef951840721adbf46ac996b59e0235cb985c,2024-04-16 19:12:00.000 UTC,1.01645,USDY,1713309120
0x96f6ef951840721adbf46ac996b59e0235cb985c,2024-04-16 19:14:00.000 UTC,1.01645,USDY,1713309240
0x3c3a81e81dc49a522a592e7622a7e711c06bf354,2024-04-16 19:15:00.000 UTC,1.110647,MNT,1713309300
0x3c3a81e81dc49a522a592e7622a7e711c06bf354,2024-04-16 19:15:00.000 UTC,1.110647,MNT,1713309300
0x96f6ef951840721adbf46ac996b59e0235cb985c,2024-04-16 19:16:00.000 UTC,1.015846,USDY,1713309360
0x96f6ef951840721adbf46ac996b59e0235cb985c,2024-04-16 19:18:00.000 UTC,1.015846,USDY,1713309480
0xd5f7838f5c461feff7fe49ea5ebaf7728bb0adfa,2024-04-16 19:20:00.000 UTC,3143.88,mETH,1713309600
0x3c3a81e81dc49a522a592e7622a7e711c06bf354,2024-04-16 19:20:00.000 UTC,1.110911,MNT,1713309600
0xa0b86991c6218b36c1d19d4a2e9eb0ce3606eb48,2024-04-16 19:20:00.000 UTC,1.000091,USDC,1713309600
0x3c3a81e81dc49a522a592e7622a7e711c06bf354,2024-04-16 19:20:00.000 UTC,1.110911,MNT,1713309600
0xdac17f958d2ee523a2206206994597c13d831ec7,2024-04-16 19:20:00.000 UTC,1.000492,USDT,1713309600
0x3c3a81e81dc49a522a592e7622a7e711c06bf354,2024-04-16 19:20:00.000 UTC,1.110911,MNT,1713309600
0x96f6ef951840721adbf46ac996b59e0235cb985c,2024-04-16 19:20:00.000 UTC,1.012622,USDY,1713309600
0x6b175474e89094c44da98b954eedeac495271d0f,2024-04-16 19:20:00.000 UTC,0.999651,DAI,1713309600
0xc02aaa39b223fe8d0a0e5c4f27ead9083c756cc2,2024-04-16 19:20:00.000 UTC,3065.34,WETH,1713309600
0x2260fac5e5542a773aa44fbcfedf7c193bc2c599,2024-04-16 19:20:00.000 UTC,62926.02,WBTC,1713309600
0x96f6ef951840721adbf46ac996b59e0235cb985c,2024-04-16 19:22:00.000 UTC,1.012622,USDY,1713309720
0x96f6ef951840721adbf46ac996b59e0235cb985c,2024-04-16 19:24:00.000 UTC,1.012622,USDY,1713309840
0x3c3a81e81dc49a522a592e7622a7e711c06bf354,2024-04-16 19:25:00.000 UTC,1.109141,MNT,1713309900
0x3c3a81e81dc49a522a592e7622a7e711c06bf354,2024-04-16 19:25:00.000 UTC,1.109141,MNT,1713309900
0x96f6ef951840721adbf46ac996b59e0235cb985c,2024-04-16 19:26:00.000 UTC,1.013287,USDY,1713309960
0x96f6ef951840721adbf46ac996b59e0235cb985c,2024-04-16 19:28:00.000 UTC,1.013287,USDY,1713310080
0xd5f7838f5c461feff7fe49ea5ebaf7728bb0adfa,2024-04-16 19:30:00.000 UTC,3150.85,mETH,1713310200
0x6b175474e89094c44da98b954eedeac495271d0f,2024-04-16 19:30:00.000 UTC,1.001614,DAI,1713310200
0x3c3a81e81dc49a522a592e7622a7e711c06bf354,2024-04-16 19:30:00.000 UTC,1.108131,MNT,1713310200
0x3c3a81e81dc49a522a592e7622a7e711c06bf354,2024-04-16 19:30:00.000 UTC,1.108131,MNT,1713310200
0xa0b86991c6218b36c1d19d4a2e9eb0ce3606eb48,2024-04-16 19:30:00.000 UTC,1.001439,USDC,1713310200
0x96f6ef951840721adbf46ac996b59e0235cb985c,2024-04-16 19:30:00.000 UTC,1.014409,USDY,1713310200
0xc02aaa39b223fe8d0a0e5c4f27ead9083c756cc2,2024-04-16 19:30:00.000 UTC,3074.03,WETH,1713310200
0x3c3a81e81dc49a522a592e7622a7e711c06bf354,2024-04-16 19:30:00.000 UTC,1.108131,MNT,1713310200
0x2260fac5e5542a773aa44fbcfedf7c193bc2c599,2024-04-16 19:30:00.000 UTC,62979.74,WBTC,1713310200
0xdac17f958d2ee523a2206206994597c13d831ec7,2024-04-16 19:30:00.000 UTC,1.001785,USDT,1713310200
0x96f6ef951840721adbf46ac996b59e0235cb985c,2024-04-16 19:32:00.000 UTC,1.014409,USDY,1713310320
0x96f6ef951840721adbf46ac996b59e0235cb985c,2024-04-16 19:34:00.000 UTC,1.014409,USDY,1713310440
0x3c3a81e81dc49a522a592e7622a7e711c06bf354,2024-04-16 19:35:00.000 UTC,1.104765,MNT,1713310500
0x3c3a81e81dc49a522a592e7622a7e711c06bf354,2024-04-16 19:35:00.000 UTC,1.104765,MNT,1713310500
0x96f6ef951840721adbf46ac996b59e0235cb985c,2024-04-16 19:36:00.000 UTC,1.013765,USDY,1713310560
0x96f6ef951840721adbf46ac996b59e0235cb985c,2024-04-16 19:38:00.000 UTC,1.013765,USDY,1713310680
0xa0b86991c6218b36c1d19d4a2e9eb0ce3606eb48,2024-04-16 19:40:00.000 UTC,1.000376,USDC,1713310800
0x3c3a81e81dc49a522a592e7622a7e711c06bf354,2024-04-16 19:40:00.000 UTC,1.106123,MNT,1713310800
0x3c3a81e81dc49a522a592e7622a7e711c06bf354,2024-04-16 19:40:00.000 UTC,1.106123,MNT,1713310800
0x6b175474e89094c44da98b954eedeac495271d0f,2024-04-16 19:40:00.000 UTC,0.999794,DAI,1713310800
0xd5f7838f5c461feff7fe49ea5ebaf7728bb0adfa,2024-04-16 19:40:00.000 UTC,3143.37,mETH,1713310800
0x96f6ef951840721adbf46ac996b59e0235cb985c,2024-04-16 19:40:00.000 UTC,1.013051,USDY,1713310800
0x2260fac5e5542a773aa44fbcfedf7c193bc2c599,2024-04-16 19:40:00.000 UTC,62830.91,WBTC,1713310800
0x3c3a81e81dc49a522a592e7622a7e711c06bf354,2024-04-16 19:40:00.000 UTC,1.106123,MNT,1713310800
0xc02aaa39b223fe8d0a0e5c4f27ead9083c756cc2,2024-04-16 19:40:00.000 UTC,3065.5,WETH,1713310800
0xdac17f958d2ee523a2206206994597c13d831ec7,2024-04-16 19:40:00.000 UTC,1.000907,USDT,1713310800
0x96f6ef951840721adbf46ac996b59e0235cb985c,2024-04-16 19:42:00.000 UTC,1.013051,USDY,1713310920
0x96f6ef951840721adbf46ac996b59e0235cb985c,2024-04-16 19:44:00.000 UTC,1.013051,USDY,1713311040
0x3c3a81e81dc49a522a592e7622a7e711c06bf354,2024-04-16 19:45:00.000 UTC,1.108812,MNT,1713311100
0x3c3a81e81dc49a522a592e7622a7e711c06bf354,2024-04-16 19:45:00.000 UTC,1.108812,MNT,1713311100
0x96f6ef951840721adbf46ac996b59e0235cb985c,2024-04-16 19:46:00.000 UTC,1.014094,USDY,1713311160
0x96f6ef951840721adbf46ac996b59e0235cb985c,2024-04-16 19:48:00.000 UTC,1.014094,USDY,1713311280
0xc02aaa39b223fe8d0a0e5c4f27ead9083c756cc2,2024-04-16 19:50:00.000 UTC,3065.23,WETH,1713311400
0x3c3a81e81dc49a522a592e7622a7e711c06bf354,2024-04-16 19:50:00.000 UTC,1.102992,MNT,1713311400
0x2260fac5e5542a773aa44fbcfedf7c193bc2c599,2024-04-16 19:50:00.000 UTC,62894.99,WBTC,1713311400
0x3c3a81e81dc49a522a592e7622a7e711c06bf354,2024-04-16 19:50:00.000 UTC,1.102992,MNT,1713311400
0xd5f7838f5c461feff7fe49ea5ebaf7728bb0adfa,2024-04-16 19:50:00.000 UTC,3143.08,mETH,1713311400
0xdac17f958d2ee523a2206206994597c13d831ec7,2024-04-16 19:50:00.000 UTC,1.000963,USDT,1713311400
0x6b175474e89094c44da98b954eedeac495271d0f,2024-04-16 19:50:00.000 UTC,1.000611,DAI,1713311400
0x3c3a81e81dc49a522a592e7622a7e711c06bf354,2024-04-16 19:50:00.000 UTC,1.102992,MNT,1713311400
0xa0b86991c6218b36c1d19d4a2e9eb0ce3606eb48,2024-04-16 19:50:00.000 UTC,1.000913,USDC,1713311400
0x96f6ef951840721adbf46ac996b59e0235cb985c,2024-04-16 19:50:00.000 UTC,1.013396,USDY,1713311400
0x96f6ef951840721adbf46ac996b59e0235cb985c,2024-04-16 19:52:00.000 UTC,1.013396,USDY,1713311520
0x96f6ef951840721adbf46ac996b59e0235cb985c,2024-04-16 19:54:00.000 UTC,1.013396,USDY,1713311640
0x3c3a81e81dc49a522a592e7622a7e711c06bf354,2024-04-16 19:55:00.000 UTC,1.102644,MNT,1713311700
0x3c3a81e81dc49a522a592e7622a7e711c06bf354,2024-04-16 19:55:00.000 UTC,1.102644,MNT,1713311700
0x96f6ef951840721adbf46ac996b59e0235cb985c,2024-04-16 19:56:00.000 UTC,1.013531,USDY,1713311760
0x96f6ef951840721adbf46ac996b59e0235cb985c,2024-04-16 19:58:00.000 UTC,1.013531,USDY,1713311880
0xa0b86991c6218b36c1d19d4a2e9eb0ce3606eb48,2024-04-16 20:00:00.000 UTC,1.001126,USDC,1713312000
0x3c3a81e81dc49a522a592e7622a7e711c06bf354,2024-04-16 20:00:00.000 UTC,1.106511,MNT,1713312000
0xdac17f958d2ee523a2206206994597c13d831ec7,2024-04-16 20:00:00.000 UTC,1.00131,USDT,1713312000
0x96f6ef951840721adbf46ac996b59e0235cb985c,2024-04-16 20:00:00.000 UTC,1.013951,USDY,1713312000
0xc02aaa39b223fe8d0a0e5c4f27ead9083c756cc2,2024-04-16 20:00:00.000 UTC,3064.17,WETH,1713312000
0x3c3a81e81dc49a522a592e7622a7e711c06bf354,2024-04-16 20:00:00.000 UTC,1.106511,MNT,1713312000
0x3c3a81e81dc49a522a592e7622a7e711c06bf354,2024-04-16 20:00:00.000 UTC,1.106511,MNT,1713312000
0x2260fac5e5542a773aa44fbcfedf7c193bc2c599,2024-04-16 20:00:00.000 UTC,62857.7,WBTC,1713312000
0x6b175474e89094c44da98b954eedeac495271d0f,2024-04-16 20:00:00.000 UTC,1.001449,DAI,1713312000
0xd5f7838f5c461feff7fe49ea5ebaf7728bb0adfa,2024-04-16 20:00:00.000 UTC,3142.35,mETH,1713312000
0x96f6ef951840721adbf46ac996b59e0235cb985c,2024-04-16 20:02:00.000 UTC,1.013951,USDY,1713312120
0x96f6ef951840721adbf46ac996b59e0235cb985c,2024-04-16 20:04:00.000 UTC,1.013951,USDY,1713312240
0x3c3a81e81dc49a522a592e7622a7e711c06bf354,2024-04-16 20:05:00.000 UTC,1.106092,MNT,1713312300
0x3c3a81e81dc49a522a592e7622a7e711c06bf354,2024-04-16 20:05:00.000 UTC,1.106092,MNT,1713312300
0x96f6ef951840721adbf46ac996b59e0235cb985c,2024-04-16 20:06:00.000 UTC,1.01405,USDY,1713312360
0x96f6ef951840721adbf46ac996b59e0235cb985c,2024-04-16 20:08:00.000 UTC,1.01405,USDY,1713312480
0x2260fac5e5542a773aa44fbcfedf7c193bc2c599,2024-04-16 20:10:00.000 UTC,62791.27,WBTC,1713312600
0x3c3a81e81dc49a522a592e7622a7e711c06bf354,2024-04-16 20:10:00.000 UTC,1.10283,MNT,1713312600
0xd5f7838f5c461feff7fe49ea5ebaf7728bb0adfa,2024-04-16 20:10:00.000 UTC,3139.67,mETH,1713312600
0x96f6ef951840721adbf46ac996b59e0235cb985c,2024-04-16 20:10:00.000 UTC,1.029457,USDY,1713312600
0xa0b86991c6218b36c1d19d4a2e9eb0ce3606eb48,2024-04-16 20:10:00.000 UTC,1.00116,USDC,1713312600
0x3c3a81e81dc49a522a592e7622a7e711c06bf354,2024-04-16 20:10:00.000 UTC,1.10283,MNT,1713312600
0xc02aaa39b223fe8d0a0e5c4f27ead9083c756cc2,2024-04-16 20:10:00.000 UTC,3062.26,WETH,1713312600
0xdac17f958d2ee523a2206206994597c13d831ec7,2024-04-16 20:10:00.000 UTC,1.001586,USDT,1713312600
0x3c3a81e81dc49a522a592e7622a7e711c06bf354,2024-04-16 20:10:00.000 UTC,1.10283,MNT,1713312600
0x6b175474e89094c44da98b954eedeac495271d0f,2024-04-16 20:10:00.000 UTC,1.001464,DAI,1713312600
0x96f6ef951840721adbf46ac996b59e0235cb985c,2024-04-16 20:12:00.000 UTC,1.029457,USDY,1713312720
0x96f6ef951840721adbf46ac996b59e0235cb985c,2024-04-16 20:14:00.000 UTC,1.029457,USDY,1713312840
0x3c3a81e81dc49a522a592e7622a7e711c06bf354,2024-04-16 20:15:00.000 UTC,1.105363,MNT,1713312900
0x3c3a81e81dc49a522a592e7622a7e711c06bf354,2024-04-16 20:15:00.000 UTC,1.105363,MNT,1713312900
0x96f6ef951840721adbf46ac996b59e0235cb985c,2024-04-16 20:16:00.000 UTC,1.02913,USDY,1713312960
0x96f6ef951840721adbf46ac996b59e0235cb985c,2024-04-16 20:18:00.000 UTC,1.02913,USDY,1713313080
0xd5f7838f5c461feff7fe49ea5ebaf7728bb0adfa,2024-04-16 20:20:00.000 UTC,3144.8,mETH,1713313200
0x3c3a81e81dc49a522a592e7622a7e711c06bf354,2024-04-16 20:20:00.000 UTC,1.104556,MNT,1713313200
0x6b175474e89094c44da98b954eedeac495271d0f,2024-04-16 20:20:00.000 UTC,1.001321,DAI,1713313200
0x2260fac5e5542a773aa44fbcfedf7c193bc2c599,2024-04-16 20:20:00.000 UTC,62810.37,WBTC,1713313200
0x3c3a81e81dc49a522a592e7622a7e711c06bf354,2024-04-16 20:20:00.000 UTC,1.104556,MNT,1713313200
0xa0b86991c6218b36c1d19d4a2e9eb0ce3606eb48,2024-04-16 20:20:00.000 UTC,1.001159,USDC,1713313200
0x96f6ef951840721adbf46ac996b59e0235cb985c,2024-04-16 20:20:00.000 UTC,1.029142,USDY,1713313200
0xdac17f958d2ee523a2206206994597c13d831ec7,2024-04-16 20:20:00.000 UTC,1.001143,USDT,1713313200
0x3c3a81e81dc49a522a592e7622a7e711c06bf354,2024-04-16 20:20:00.000 UTC,1.104556,MNT,1713313200
0xc02aaa39b223fe8d0a0e5c4f27ead9083c756cc2,2024-04-16 20:20:00.000 UTC,3064.08,WETH,1713313200
0x96f6ef951840721adbf46ac996b59e0235cb985c,2024-04-16 20:22:00.000 UTC,1.029142,USDY,1713313320
0x96f6ef951840721adbf46ac996b59e0235cb985c,2024-04-16 20:24:00.000 UTC,1.029142,USDY,1713313440
0x3c3a81e81dc49a522a592e7622a7e711c06bf354,2024-04-16 20:25:00.000 UTC,1.104082,MNT,1713313500
0x3c3a81e81dc49a522a592e7622a7e711c06bf354,2024-04-16 20:25:00.000 UTC,1.104082,MNT,1713313500
0x96f6ef951840721adbf46ac996b59e0235cb985c,2024-04-16 20:26:00.000 UTC,1.029028,USDY,1713313560
0x96f6ef951840721adbf46ac996b59e0235cb985c,2024-04-16 20:28:00.000 UTC,1.029028,USDY,1713313680
0xd5f7838f5c461feff7fe49ea5ebaf7728bb0adfa,2024-04-16 20:30:00.000 UTC,3146.49,mETH,1713313800
0x3c3a81e81dc49a522a592e7622a7e711c06bf354,2024-04-16 20:30:00.000 UTC,1.106055,MNT,1713313800
0xa0b86991c6218b36c1d19d4a2e9eb0ce3606eb48,2024-04-16 20:30:00.000 UTC,1.000858,USDC,1713313800
0x6b175474e89094c44da98b954eedeac495271d0f,2024-04-16 20:30:00.000 UTC,1.001549,DAI,1713313800
0x3c3a81e81dc49a522a592e7622a7e711c06bf354,2024-04-16 20:30:00.000 UTC,1.106055,MNT,1713313800
0xc02aaa39b223fe8d0a0e5c4f27ead9083c756cc2,2024-04-16 20:30:00.000 UTC,3069.53,WETH,1713313800
0x96f6ef951840721adbf46ac996b59e0235cb985c,2024-04-16 20:30:00.000 UTC,1.028872,USDY,1713313800
0xdac17f958d2ee523a2206206994597c13d831ec7,2024-04-16 20:30:00.000 UTC,1.000826,USDT,1713313800
0x2260fac5e5542a773aa44fbcfedf7c193bc2c599,2024-04-16 20:30:00.000 UTC,62873.93,WBTC,1713313800
0x3c3a81e81dc49a522a592e7622a7e711c06bf354,2024-04-16 20:30:00.000 UTC,1.106055,MNT,1713313800
0x96f6ef951840721adbf46ac996b59e0235cb985c,2024-04-16 20:32:00.000 UTC,1.028872,USDY,1713313920
0x96f6ef951840721adbf46ac996b59e0235cb985c,2024-04-16 20:34:00.000 UTC,1.028872,USDY,1713314040
0x3c3a81e81dc49a522a592e7622a7e711c06bf354,2024-04-16 20:35:00.000 UTC,1.104823,MNT,1713314100
0x3c3a81e81dc49a522a592e7622a7e711c06bf354,2024-04-16 20:35:00.000 UTC,1.104823,MNT,1713314100
0x96f6ef951840721adbf46ac996b59e0235cb985c,2024-04-16 20:36:00.000 UTC,1.029371,USDY,1713314160
0x96f6ef951840721adbf46ac996b59e0235cb985c,2024-04-16 20:38:00.000 UTC,1.029371,USDY,1713314280
0xd5f7838f5c461feff7fe49ea5ebaf7728bb0adfa,2024-04-16 20:40:00.000 UTC,3149.56,mETH,1713314400
0x6b175474e89094c44da98b954eedeac495271d0f,2024-04-16 20:40:00.000 UTC,1.001371,DAI,1713314400
0x96f6ef951840721adbf46ac996b59e0235cb985c,2024-04-16 20:40:00.000 UTC,1.029356,USDY,1713314400
0xdac17f958d2ee523a2206206994597c13d831ec7,2024-04-16 20:40:00.000 UTC,1.001393,USDT,1713314400
0x3c3a81e81dc49a522a592e7622a7e711c06bf354,2024-04-16 20:40:00.000 UTC,1.102562,MNT,1713314400
0xc02aaa39b223fe8d0a0e5c4f27ead9083c756cc2,2024-04-16 20:40:00.000 UTC,3067.94,WETH,1713314400
0x3c3a81e81dc49a522a592e7622a7e711c06bf354,2024-04-16 20:40:00.000 UTC,1.102562,MNT,1713314400
0x2260fac5e5542a773aa44fbcfedf7c193bc2c599,2024-04-16 20:40:00.000 UTC,62899.04,WBTC,1713314400
0xa0b86991c6218b36c1d19d4a2e9eb0ce3606eb48,2024-04-16 20:40:00.000 UTC,1.001038,USDC,1713314400
0x3c3a81e81dc49a522a592e7622a7e711c06bf354,2024-04-16 20:40:00.000 UTC,1.102562,MNT,1713314400
0x96f6ef951840721adbf46ac996b59e0235cb985c,2024-04-16 20:42:00.000 UTC,1.029356,USDY,1713314520
0x96f6ef951840721adbf46ac996b59e0235cb985c,2024-04-16 20:44:00.000 UTC,1.029356,USDY,1713314640
0x3c3a81e81dc49a522a592e7622a7e711c06bf354,2024-04-16 20:45:00.000 UTC,1.101742,MNT,1713314700
0x3c3a81e81dc49a522a592e7622a7e711c06bf354,2024-04-16 20:45:00.000 UTC,1.101742,MNT,1713314700
0x96f6ef951840721adbf46ac996b59e0235cb985c,2024-04-16 20:46:00.000 UTC,1.029071,USDY,1713314760
0x96f6ef951840721adbf46ac996b59e0235cb985c,2024-04-16 20:48:00.000 UTC,1.029071,USDY,1713314880
0xd5f7838f5c461feff7fe49ea5ebaf7728bb0adfa,2024-04-16 20:50:00.000 UTC,3146.31,mETH,1713315000
0x6b175474e89094c44da98b954eedeac495271d0f,2024-04-16 20:50:00.000 UTC,1.001385,DAI,1713315000
0xa0b86991c6218b36c1d19d4a2e9eb0ce3606eb48,2024-04-16 20:50:00.000 UTC,1.001392,USDC,1713315000
0x3c3a81e81dc49a522a592e7622a7e711c06bf354,2024-04-16 20:50:00.000 UTC,1.102016,MNT,1713315000
0x2260fac5e5542a773aa44fbcfedf7c193bc2c599,2024-04-16 20:50:00.000 UTC,63016.07,WBTC,1713315000
0x3c3a81e81dc49a522a592e7622a7e711c06bf354,2024-04-16 20:50:00.000 UTC,1.102016,MNT,1713315000
0xc02aaa39b223fe8d0a0e5c4f27ead9083c756cc2,2024-04-16 20:50:00.000 UTC,3068.06,WETH,1713315000
0x96f6ef951840721adbf46ac996b59e0235cb985c,2024-04-16 20:50:00.000 UTC,1.029658,USDY,1713315000
0x3c3a81e81dc49a522a592e7622a7e711c06bf354,2024-04-16 20:50:00.000 UTC,1.102016,MNT,1713315000
0xdac17f958d2ee523a2206206994597c13d831ec7,2024-04-16 20:50:00.000 UTC,1.001649,USDT,1713315000
0x96f6ef951840721adbf46ac996b59e0235cb985c,2024-04-16 20:52:00.000 UTC,1.029658,USDY,1713315120
0x96f6ef951840721adbf46ac996b59e0235cb985c,2024-04-16 20:54:00.000 UTC,1.029658,USDY,1713315240
0x3c3a81e81dc49a522a592e7622a7e711c06bf354,2024-04-16 20:55:00.000 UTC,1.103921,MNT,1713315300
0x3c3a81e81dc49a522a592e7622a7e711c06bf354,2024-04-16 20:55:00.000 UTC,1.103921,MNT,1713315300
0x96f6ef951840721adbf46ac996b59e0235cb985c,2024-04-16 20:56:00.000 UTC,1.029308,USDY,1713315360
0x96f6ef951840721adbf46ac996b59e0235cb985c,2024-04-16 20:58:00.000 UTC,1.029308,USDY,1713315480
0x6b175474e89094c44da98b954eedeac495271d0f,2024-04-16 21:00:00.000 UTC,1.002048,DAI,1713315600
0xc02aaa39b223fe8d0a0e5c4f27ead9083c756cc2,2024-04-16 21:00:00.000 UTC,3070.03,WETH,1713315600
0x3c3a81e81dc49a522a592e7622a7e711c06bf354,2024-04-16 21:00:00.000 UTC,1.10518,MNT,1713315600
0x3c3a81e81dc49a522a592e7622a7e711c06bf354,2024-04-16 21:00:00.000 UTC,1.10518,MNT,1713315600
0x96f6ef951840721adbf46ac996b59e0235cb985c,2024-04-16 21:00:00.000 UTC,1.029228,USDY,1713315600
0xd5f7838f5c461feff7fe49ea5ebaf7728bb0adfa,2024-04-16 21:00:00.000 UTC,3147.52,mETH,1713315600
0x3c3a81e81dc49a522a592e7622a7e711c06bf354,2024-04-16 21:00:00.000 UTC,1.10518,MNT,1713315600
0xa0b86991c6218b36c1d19d4a2e9eb0ce3606eb48,2024-04-16 21:00:00.000 UTC,1.001001,USDC,1713315600
0xdac17f958d2ee523a2206206994597c13d831ec7,2024-04-16 21:00:00.000 UTC,1.001057,USDT,1713315600
0x2260fac5e5542a773aa44fbcfedf7c193bc2c599,2024-04-16 21:00:00.000 UTC,63055.85,WBTC,1713315600
0x96f6ef951840721adbf46ac996b59e0235cb985c,2024-04-16 21:02:00.000 UTC,1.029228,USDY,1713315720
0x96f6ef951840721adbf46ac996b59e0235cb985c,2024-04-16 21:04:00.000 UTC,1.029228,USDY,1713315840
0x3c3a81e81dc49a522a592e7622a7e711c06bf354,2024-04-16 21:05:00.000 UTC,1.104742,MNT,1713315900
0x3c3a81e81dc49a522a592e7622a7e711c06bf354,2024-04-16 21:05:00.000 UTC,1.104742,MNT,1713315900
0x96f6ef951840721adbf46ac996b59e0235cb985c,2024-04-16 21:06:00.000 UTC,1.027873,USDY,1713315960
0x96f6ef951840721adbf46ac996b59e0235cb985c,2024-04-16 21:08:00.000 UTC,1.027873,USDY,1713316080
0x3c3a81e81dc49a522a592e7622a7e711c06bf354,2024-04-16 21:10:00.000 UTC,1.109656,MNT,1713316200
0x6b175474e89094c44da98b954eedeac495271d0f,2024-04-16 21:10:00.000 UTC,1.00178,DAI,1713316200
0xa0b86991c6218b36c1d19d4a2e9eb0ce3606eb48,2024-04-16 21:10:00.000 UTC,1.000913,USDC,1713316200
0x3c3a81e81dc49a522a592e7622a7e711c06bf354,2024-04-16 21:10:00.000 UTC,1.109656,MNT,1713316200
0xd5f7838f5c461feff7fe49ea5ebaf7728bb0adfa,2024-04-16 21:10:00.000 UTC,3158.79,mETH,1713316200
0x2260fac5e5542a773aa44fbcfedf7c193bc2c599,2024-04-16 21:10:00.000 UTC,63213.13,WBTC,1713316200
0x96f6ef951840721adbf46ac996b59e0235cb985c,2024-04-16 21:10:00.000 UTC,1.028971,USDY,1713316200
0xc02aaa39b223fe8d0a0e5c4f27ead9083c756cc2,2024-04-16 21:10:00.000 UTC,3081.09,WETH,1713316200
0xdac17f958d2ee523a2206206994597c13d831ec7,2024-04-16 21:10:00.000 UTC,1.000698,USDT,1713316200
0x3c3a81e81dc49a522a592e7622a7e711c06bf354,2024-04-16 21:10:00.000 UTC,1.109656,MNT,1713316200
0x96f6ef951840721adbf46ac996b59e0235cb985c,2024-04-16 21:12:00.000 UTC,1.028971,USDY,1713316320
0x96f6ef951840721adbf46ac996b59e0235cb985c,2024-04-16 21:14:00.000 UTC,1.028971,USDY,1713316440
0x3c3a81e81dc49a522a592e7622a7e711c06bf354,2024-04-16 21:15:00.000 UTC,1.112678,MNT,1713316500
0x3c3a81e81dc49a522a592e7622a7e711c06bf354,2024-04-16 21:15:00.000 UTC,1.112678,MNT,1713316500
0x96f6ef951840721adbf46ac996b59e0235cb985c,2024-04-16 21:16:00.000 UTC,1.02956,USDY,1713316560
0x96f6ef951840721adbf46ac996b59e0235cb985c,2024-04-16 21:18:00.000 UTC,1.02956,USDY,1713316680
0xa0b86991c6218b36c1d19d4a2e9eb0ce3606eb48,2024-04-16 21:20:00.000 UTC,1.000263,USDC,1713316800
0x3c3a81e81dc49a522a592e7622a7e711c06bf354,2024-04-16 21:20:00.000 UTC,1.118628,MNT,1713316800
0x3c3a81e81dc49a522a592e7622a7e711c06bf354,2024-04-16 21:20:00.000 UTC,1.118628,MNT,1713316800
0xc02aaa39b223fe8d0a0e5c4f27ead9083c756cc2,2024-04-16 21:20:00.000 UTC,3093.96,WETH,1713316800
0x2260fac5e5542a773aa44fbcfedf7c193bc2c599,2024-04-16 21:20:00.000 UTC,63431.93,WBTC,1713316800
0xd5f7838f5c461feff7fe49ea5ebaf7728bb0adfa,2024-04-16 21:20:00.000 UTC,3171.43,mETH,1713316800
0x3c3a81e81dc49a522a592e7622a7e711c06bf354,2024-04-16 21:20:00.000 UTC,1.118628,MNT,1713316800
0x6b175474e89094c44da98b954eedeac495271d0f,2024-04-16 21:20:00.000 UTC,1.001268,DAI,1713316800
0x96f6ef951840721adbf46ac996b59e0235cb985c,2024-04-16 21:20:00.000 UTC,1.028623,USDY,1713316800
0xdac17f958d2ee523a2206206994597c13d831ec7,2024-04-16 21:20:00.000 UTC,1.000118,USDT,1713316800
0x96f6ef951840721adbf46ac996b59e0235cb985c,2024-04-16 21:22:00.000 UTC,1.028623,USDY,1713316920
0x96f6ef951840721adbf46ac996b59e0235cb985c,2024-04-16 21:24:00.000 UTC,1.028623,USDY,1713317040
0x3c3a81e81dc49a522a592e7622a7e711c06bf354,2024-04-16 21:25:00.000 UTC,1.11909,MNT,1713317100
0x3c3a81e81dc49a522a592e7622a7e711c06bf354,2024-04-16 21:25:00.000 UTC,1.11909,MNT,1713317100
0x96f6ef951840721adbf46ac996b59e0235cb985c,2024-04-16 21:26:00.000 UTC,1.028487,USDY,1713317160
0x96f6ef951840721adbf46ac996b59e0235cb985c,2024-04-16 21:28:00.000 UTC,1.028487,USDY,1713317280
0x6b175474e89094c44da98b954eedeac495271d0f,2024-04-16 21:30:00.000 UTC,1.001498,DAI,1713317400
0x96f6ef951840721adbf46ac996b59e0235cb985c,2024-04-16 21:30:00.000 UTC,1.028881,USDY,1713317400
0xd5f7838f5c461feff7fe49ea5ebaf7728bb0adfa,2024-04-16 21:30:00.000 UTC,3180.59,mETH,1713317400
0x3c3a81e81dc49a522a592e7622a7e711c06bf354,2024-04-16 21:30:00.000 UTC,1.123244,MNT,1713317400
0xdac17f958d2ee523a2206206994597c13d831ec7,2024-04-16 21:30:00.000 UTC,1.000992,USDT,1713317400
0x2260fac5e5542a773aa44fbcfedf7c193bc2c599,2024-04-16 21:30:00.000 UTC,63700.77,WBTC,1713317400
0xa0b86991c6218b36c1d19d4a2e9eb0ce3606eb48,2024-04-16 21:30:00.000 UTC,1.000818,USDC,1713317400
0xc02aaa39b223fe8d0a0e5c4f27ead9083c756cc2,2024-04-16 21:30:00.000 UTC,3100.44,WETH,1713317400
0x3c3a81e81dc49a522a592e7622a7e711c06bf354,2024-04-16 21:30:00.000 UTC,1.123244,MNT,1713317400
0x3c3a81e81dc49a522a592e7622a7e711c06bf354,2024-04-16 21:30:00.000 UTC,1.123244,MNT,1713317400
0x96f6ef951840721adbf46ac996b59e0235cb985c,2024-04-16 21:32:00.000 UTC,1.028881,USDY,1713317520
0x96f6ef951840721adbf46ac996b59e0235cb985c,2024-04-16 21:34:00.000 UTC,1.028881,USDY,1713317640
0x3c3a81e81dc49a522a592e7622a7e711c06bf354,2024-04-16 21:35:00.000 UTC,1.121429,MNT,1713317700
0x3c3a81e81dc49a522a592e7622a7e711c06bf354,2024-04-16 21:35:00.000 UTC,1.121429,MNT,1713317700
0x96f6ef951840721adbf46ac996b59e0235cb985c,2024-04-16 21:36:00.000 UTC,1.026831,USDY,1713317760
0x96f6ef951840721adbf46ac996b59e0235cb985c,2024-04-16 21:38:00.000 UTC,1.026831,USDY,1713317880
0xd5f7838f5c461feff7fe49ea5ebaf7728bb0adfa,2024-04-16 21:40:00.000 UTC,3175.57,mETH,1713318000
0x6b175474e89094c44da98b954eedeac495271d0f,2024-04-16 21:40:00.000 UTC,1.001751,DAI,1713318000
0x3c3a81e81dc49a522a592e7622a7e711c06bf354,2024-04-16 21:40:00.000 UTC,1.12037,MNT,1713318000
0x3c3a81e81dc49a522a592e7622a7e711c06bf354,2024-04-16 21:40:00.000 UTC,1.12037,MNT,1713318000
0x2260fac5e5542a773aa44fbcfedf7c193bc2c599,2024-04-16 21:40:00.000 UTC,63793.91,WBTC,1713318000
0x3c3a81e81dc49a522a592e7622a7e711c06bf354,2024-04-16 21:40:00.000 UTC,1.12037,MNT,1713318000
0xa0b86991c6218b36c1d19d4a2e9eb0ce3606eb48,2024-04-16 21:40:00.000 UTC,1.000875,USDC,1713318000
0x96f6ef951840721adbf46ac996b59e0235cb985c,2024-04-16 21:40:00.000 UTC,1.029494,USDY,1713318000
0xdac17f958d2ee523a2206206994597c13d831ec7,2024-04-16 21:40:00.000 UTC,1.000966,USDT,1713318000
0xc02aaa39b223fe8d0a0e5c4f27ead9083c756cc2,2024-04-16 21:40:00.000 UTC,3097.99,WETH,1713318000
0x96f6ef951840721adbf46ac996b59e0235cb985c,2024-04-16 21:42:00.000 UTC,1.029494,USDY,1713318120
0x96f6ef951840721adbf46ac996b59e0235cb985c,2024-04-16 21:44:00.000 UTC,1.029494,USDY,1713318240
0x3c3a81e81dc49a522a592e7622a7e711c06bf354,2024-04-16 21:45:00.000 UTC,1.119375,MNT,1713318300
0x3c3a81e81dc49a522a592e7622a7e711c06bf354,2024-04-16 21:45:00.000 UTC,1.119375,MNT,1713318300
0x96f6ef951840721adbf46ac996b59e0235cb985c,2024-04-16 21:46:00.000 UTC,1.028999,USDY,1713318360
0x96f6ef951840721adbf46ac996b59e0235cb985c,2024-04-16 21:48:00.000 UTC,1.028999,USDY,1713318480
0xd5f7838f5c461feff7fe49ea5ebaf7728bb0adfa,2024-04-16 21:50:00.000 UTC,3182.81,mETH,1713318600
0xdac17f958d2ee523a2206206994597c13d831ec7,2024-04-16 21:50:00.000 UTC,1.000113,USDT,1713318600
0x3c3a81e81dc49a522a592e7622a7e711c06bf354,2024-04-16 21:50:00.000 UTC,1.12505,MNT,1713318600
0x2260fac5e5542a773aa44fbcfedf7c193bc2c599,2024-04-16 21:50:00.000 UTC,64032.64,WBTC,1713318600
0x3c3a81e81dc49a522a592e7622a7e711c06bf354,2024-04-16 21:50:00.000 UTC,1.12505,MNT,1713318600
0x6b175474e89094c44da98b954eedeac495271d0f,2024-04-16 21:50:00.000 UTC,1.001788,DAI,1713318600
0x3c3a81e81dc49a522a592e7622a7e711c06bf354,2024-04-16 21:50:00.000 UTC,1.12505,MNT,1713318600
0xc02aaa39b223fe8d0a0e5c4f27ead9083c756cc2,2024-04-16 21:50:00.000 UTC,3105.19,WETH,1713318600
0xa0b86991c6218b36c1d19d4a2e9eb0ce3606eb48,2024-04-16 21:50:00.000 UTC,1.000182,USDC,1713318600
0x96f6ef951840721adbf46ac996b59e0235cb985c,2024-04-16 21:50:00.000 UTC,1.034107,USDY,1713318600
0x96f6ef951840721adbf46ac996b59e0235cb985c,2024-04-16 21:52:00.000 UTC,1.034107,USDY,1713318720
0x96f6ef951840721adbf46ac996b59e0235cb985c,2024-04-16 21:54:00.000 UTC,1.034107,USDY,1713318840
0x3c3a81e81dc49a522a592e7622a7e711c06bf354,2024-04-16 21:55:00.000 UTC,1.129019,MNT,1713318900
0x3c3a81e81dc49a522a592e7622a7e711c06bf354,2024-04-16 21:55:00.000 UTC,1.129019,MNT,1713318900
0x96f6ef951840721adbf46ac996b59e0235cb985c,2024-04-16 21:56:00.000 UTC,1.034722,USDY,1713318960
0x96f6ef951840721adbf46ac996b59e0235cb985c,2024-04-16 21:58:00.000 UTC,1.034722,USDY,1713319080
0x3c3a81e81dc49a522a592e7622a7e711c06bf354,2024-04-16 22:00:00.000 UTC,1.125366,MNT,1713319200
0x6b175474e89094c44da98b954eedeac495271d0f,2024-04-16 22:00:00.000 UTC,1.001558,DAI,1713319200
0xd5f7838f5c461feff7fe49ea5ebaf7728bb0adfa,2024-04-16 22:00:00.000 UTC,3188.75,mETH,1713319200
0x2260fac5e5542a773aa44fbcfedf7c193bc2c599,2024-04-16 22:00:00.000 UTC,64173.49,WBTC,1713319200
0xdac17f958d2ee523a2206206994597c13d831ec7,2024-04-16 22:00:00.000 UTC,1.000994,USDT,1713319200
0x96f6ef951840721adbf46ac996b59e0235cb985c,2024-04-16 22:00:00.000 UTC,1.034772,USDY,1713319200
0x3c3a81e81dc49a522a592e7622a7e711c06bf354,2024-04-16 22:00:00.000 UTC,1.125366,MNT,1713319200
0xa0b86991c6218b36c1d19d4a2e9eb0ce3606eb48,2024-04-16 22:00:00.000 UTC,1.000817,USDC,1713319200
0xc02aaa39b223fe8d0a0e5c4f27ead9083c756cc2,2024-04-16 22:00:00.000 UTC,3110.86,WETH,1713319200
0x3c3a81e81dc49a522a592e7622a7e711c06bf354,2024-04-16 22:00:00.000 UTC,1.125366,MNT,1713319200
0x96f6ef951840721adbf46ac996b59e0235cb985c,2024-04-16 22:02:00.000 UTC,1.034772,USDY,1713319320
0x96f6ef951840721adbf46ac996b59e0235cb985c,2024-04-16 22:04:00.000 UTC,1.034772,USDY,1713319440
0x3c3a81e81dc49a522a592e7622a7e711c06bf354,2024-04-16 22:05:00.000 UTC,1.124101,MNT,1713319500
0x3c3a81e81dc49a522a592e7622a7e711c06bf354,2024-04-16 22:05:00.000 UTC,1.124101,MNT,1713319500
0x96f6ef951840721adbf46ac996b59e0235cb985c,2024-04-16 22:06:00.000 UTC,1.033931,USDY,1713319560
0x96f6ef951840721adbf46ac996b59e0235cb985c,2024-04-16 22:08:00.000 UTC,1.033931,USDY,1713319680
0x3c3a81e81dc49a522a592e7622a7e711c06bf354,2024-04-16 22:10:00.000 UTC,1.122931,MNT,1713319800
0x3c3a81e81dc49a522a592e7622a7e711c06bf354,2024-04-16 22:10:00.000 UTC,1.122931,MNT,1713319800
0xdac17f958d2ee523a2206206994597c13d831ec7,2024-04-16 22:10:00.000 UTC,1.001092,USDT,1713319800
0x96f6ef951840721adbf46ac996b59e0235cb985c,2024-04-16 22:10:00.000 UTC,1.034567,USDY,1713319800
0xd5f7838f5c461feff7fe49ea5ebaf7728bb0adfa,2024-04-16 22:10:00.000 UTC,3177.44,mETH,1713319800
0x3c3a81e81dc49a522a592e7622a7e711c06bf354,2024-04-16 22:10:00.000 UTC,1.122931,MNT,1713319800
0x2260fac5e5542a773aa44fbcfedf7c193bc2c599,2024-04-16 22:10:00.000 UTC,63965.61,WBTC,1713319800
0x6b175474e89094c44da98b954eedeac495271d0f,2024-04-16 22:10:00.000 UTC,1.001616,DAI,1713319800
0xa0b86991c6218b36c1d19d4a2e9eb0ce3606eb48,2024-04-16 22:10:00.000 UTC,1.000586,USDC,1713319800
0xc02aaa39b223fe8d0a0e5c4f27ead9083c756cc2,2024-04-16 22:10:00.000 UTC,3099.64,WETH,1713319800
0x96f6ef951840721adbf46ac996b59e0235cb985c,2024-04-16 22:12:00.000 UTC,1.034567,USDY,1713319920
0x96f6ef951840721adbf46ac996b59e0235cb985c,2024-04-16 22:14:00.000 UTC,1.034567,USDY,1713320040
0x3c3a81e81dc49a522a592e7622a7e711c06bf354,2024-04-16 22:15:00.000 UTC,1.121278,MNT,1713320100
0x3c3a81e81dc49a522a592e7622a7e711c06bf354,2024-04-16 22:15:00.000 UTC,1.121278,MNT,1713320100
0x96f6ef951840721adbf46ac996b59e0235cb985c,2024-04-16 22:16:00.000 UTC,1.034033,USDY,1713320160
0x96f6ef951840721adbf46ac996b59e0235cb985c,2024-04-16 22:18:00.000 UTC,1.034033,USDY,1713320280
0x3c3a81e81dc49a522a592e7622a7e711c06bf354,2024-04-16 22:20:00.000 UTC,1.118637,MNT,1713320400
0xa0b86991c6218b36c1d19d4a2e9eb0ce3606eb48,2024-04-16 22:20:00.000 UTC,1.000647,USDC,1713320400
0x3c3a81e81dc49a522a592e7622a7e711c06bf354,2024-04-16 22:20:00.000 UTC,1.118637,MNT,1713320400
0x2260fac5e5542a773aa44fbcfedf7c193bc2c599,2024-04-16 22:20:00.000 UTC,63816.21,WBTC,1713320400
0xdac17f958d2ee523a2206206994597c13d831ec7,2024-04-16 22:20:00.000 UTC,1.001046,USDT,1713320400
0xd5f7838f5c461feff7fe49ea5ebaf7728bb0adfa,2024-04-16 22:20:00.000 UTC,3170.29,mETH,1713320400
0x3c3a81e81dc49a522a592e7622a7e711c06bf354,2024-04-16 22:20:00.000 UTC,1.118637,MNT,1713320400
0xc02aaa39b223fe8d0a0e5c4f27ead9083c756cc2,2024-04-16 22:20:00.000 UTC,3092.88,WETH,1713320400
0x96f6ef951840721adbf46ac996b59e0235cb985c,2024-04-16 22:20:00.000 UTC,1.034657,USDY,1713320400
0x6b175474e89094c44da98b954eedeac495271d0f,2024-04-16 22:20:00.000 UTC,1.000113,DAI,1713320400
0x96f6ef951840721adbf46ac996b59e0235cb985c,2024-04-16 22:22:00.000 UTC,1.034657,USDY,1713320520
0x96f6ef951840721adbf46ac996b59e0235cb985c,2024-04-16 22:24:00.000 UTC,1.034657,USDY,1713320640
0x3c3a81e81dc49a522a592e7622a7e711c06bf354,2024-04-16 22:25:00.000 UTC,1.12232,MNT,1713320700
0x3c3a81e81dc49a522a592e7622a7e711c06bf354,2024-04-16 22:25:00.000 UTC,1.12232,MNT,1713320700
0x96f6ef951840721adbf46ac996b59e0235cb985c,2024-04-16 22:26:00.000 UTC,1.034493,USDY,1713320760
0x96f6ef951840721adbf46ac996b59e0235cb985c,2024-04-16 22:28:00.000 UTC,1.034493,USDY,1713320880
0xa0b86991c6218b36c1d19d4a2e9eb0ce3606eb48,2024-04-16 22:30:00.000 UTC,1.000949,USDC,1713321000
0xdac17f958d2ee523a2206206994597c13d831ec7,2024-04-16 22:30:00.000 UTC,1.001336,USDT,1713321000
0x3c3a81e81dc49a522a592e7622a7e711c06bf354,2024-04-16 22:30:00.000 UTC,1.124627,MNT,1713321000
0x3c3a81e81dc49a522a592e7622a7e711c06bf354,2024-04-16 22:30:00.000 UTC,1.124627,MNT,1713321000
0xd5f7838f5c461feff7fe49ea5ebaf7728bb0adfa,2024-04-16 22:30:00.000 UTC,3168.46,mETH,1713321000
0x6b175474e89094c44da98b954eedeac495271d0f,2024-04-16 22:30:00.000 UTC,1.000641,DAI,1713321000
0x3c3a81e81dc49a522a592e7622a7e711c06bf354,2024-04-16 22:30:00.000 UTC,1.124627,MNT,1713321000
0x2260fac5e5542a773aa44fbcfedf7c193bc2c599,2024-04-16 22:30:00.000 UTC,63761.66,WBTC,1713321000
0xc02aaa39b223fe8d0a0e5c4f27ead9083c756cc2,2024-04-16 22:30:00.000 UTC,3091.31,WETH,1713321000
0x96f6ef951840721adbf46ac996b59e0235cb985c,2024-04-16 22:30:00.000 UTC,1.034957,USDY,1713321000
0x96f6ef951840721adbf46ac996b59e0235cb985c,2024-04-16 22:32:00.000 UTC,1.034957,USDY,1713321120
0x96f6ef951840721adbf46ac996b59e0235cb985c,2024-04-16 22:34:00.000 UTC,1.034957,USDY,1713321240
0x3c3a81e81dc49a522a592e7622a7e711c06bf354,2024-04-16 22:35:00.000 UTC,1.125507,MNT,1713321300
0x3c3a81e81dc49a522a592e7622a7e711c06bf354,2024-04-16 22:35:00.000 UTC,1.125507,MNT,1713321300
0x96f6ef951840721adbf46ac996b59e0235cb985c,2024-04-16 22:36:00.000 UTC,1.03501,USDY,1713321360
0x96f6ef951840721adbf46ac996b59e0235cb985c,2024-04-16 22:38:00.000 UTC,1.03501,USDY,1713321480
0x6b175474e89094c44da98b954eedeac495271d0f,2024-04-16 22:40:00.000 UTC,1.001869,DAI,1713321600
0x3c3a81e81dc49a522a592e7622a7e711c06bf354,2024-04-16 22:40:00.000 UTC,1.12772,MNT,1713321600
0xa0b86991c6218b36c1d19d4a2e9eb0ce3606eb48,2024-04-16 22:40:00.000 UTC,1.001282,USDC,1713321600
0x96f6ef951840721adbf46ac996b59e0235cb985c,2024-04-16 22:40:00.000 UTC,1.03519,USDY,1713321600
0xc02aaa39b223fe8d0a0e5c4f27ead9083c756cc2,2024-04-16 22:40:00.000 UTC,3095.24,WETH,1713321600
0x3c3a81e81dc49a522a592e7622a7e711c06bf354,2024-04-16 22:40:00.000 UTC,1.12772,MNT,1713321600
0xdac17f958d2ee523a2206206994597c13d831ec7,2024-04-16 22:40:00.000 UTC,1.001364,USDT,1713321600
0xd5f7838f5c461feff7fe49ea5ebaf7728bb0adfa,2024-04-16 22:40:00.000 UTC,3172.54,mETH,1713321600
0x3c3a81e81dc49a522a592e7622a7e711c06bf354,2024-04-16 22:40:00.000 UTC,1.12772,MNT,1713321600
0x2260fac5e5542a773aa44fbcfedf7c193bc2c599,2024-04-16 22:40:00.000 UTC,63864.59,WBTC,1713321600
0x96f6ef951840721adbf46ac996b59e0235cb985c,2024-04-16 22:42:00.000 UTC,1.03519,USDY,1713321720
0x96f6ef951840721adbf46ac996b59e0235cb985c,2024-04-16 22:44:00.000 UTC,1.03519,USDY,1713321840
0x3c3a81e81dc49a522a592e7622a7e711c06bf354,2024-04-16 22:45:00.000 UTC,1.126398,MNT,1713321900
0x3c3a81e81dc49a522a592e7622a7e711c06bf354,2024-04-16 22:45:00.000 UTC,1.126398,MNT,1713321900
0x96f6ef951840721adbf46ac996b59e0235cb985c,2024-04-16 22:46:00.000 UTC,1.035255,USDY,1713321960
0x96f6ef951840721adbf46ac996b59e0235cb985c,2024-04-16 22:48:00.000 UTC,1.035255,USDY,1713322080
0xdac17f958d2ee523a2206206994597c13d831ec7,2024-04-16 22:50:00.000 UTC,1.001406,USDT,1713322200
0xd5f7838f5c461feff7fe49ea5ebaf7728bb0adfa,2024-04-16 22:50:00.000 UTC,3174.04,mETH,1713322200
0x3c3a81e81dc49a522a592e7622a7e711c06bf354,2024-04-16 22:50:00.000 UTC,1.125464,MNT,1713322200
0xa0b86991c6218b36c1d19d4a2e9eb0ce3606eb48,2024-04-16 22:50:00.000 UTC,1.001357,USDC,1713322200
0x6b175474e89094c44da98b954eedeac495271d0f,2024-04-16 22:50:00.000 UTC,1.00227,DAI,1713322200
0x96f6ef951840721adbf46ac996b59e0235cb985c,2024-04-16 22:50:00.000 UTC,1.035441,USDY,1713322200
0x2260fac5e5542a773aa44fbcfedf7c193bc2c599,2024-04-16 22:50:00.000 UTC,63838.17,WBTC,1713322200
0x3c3a81e81dc49a522a592e7622a7e711c06bf354,2024-04-16 22:50:00.000 UTC,1.125464,MNT,1713322200
0xc02aaa39b223fe8d0a0e5c4f27ead9083c756cc2,2024-04-16 22:50:00.000 UTC,3097.05,WETH,1713322200
0x3c3a81e81dc49a522a592e7622a7e711c06bf354,2024-04-16 22:50:00.000 UTC,1.125464,MNT,1713322200
0x96f6ef951840721adbf46ac996b59e0235cb985c,2024-04-16 22:52:00.000 UTC,1.035441,USDY,1713322320
0x96f6ef951840721adbf46ac996b59e0235cb985c,2024-04-16 22:54:00.000 UTC,1.035441,USDY,1713322440
0x3c3a81e81dc49a522a592e7622a7e711c06bf354,2024-04-16 22:55:00.000 UTC,1.124253,MNT,1713322500
0x3c3a81e81dc49a522a592e7622a7e711c06bf354,2024-04-16 22:55:00.000 UTC,1.124253,MNT,1713322500
0x96f6ef951840721adbf46ac996b59e0235cb985c,2024-04-16 22:56:00.000 UTC,1.035025,USDY,1713322560
0x96f6ef951840721adbf46ac996b59e0235cb985c,2024-04-16 22:58:00.000 UTC,1.035025,USDY,1713322680
0xdac17f958d2ee523a2206206994597c13d831ec7,2024-04-16 23:00:00.000 UTC,1.001107,USDT,1713322800
0xd5f7838f5c461feff7fe49ea5ebaf7728bb0adfa,2024-04-16 23:00:00.000 UTC,3174.98,mETH,1713322800
0x3c3a81e81dc49a522a592e7622a7e711c06bf354,2024-04-16 23:00:00.000 UTC,1.124978,MNT,1713322800
0xa0b86991c6218b36c1d19d4a2e9eb0ce3606eb48,2024-04-16 23:00:00.000 UTC,1.000985,USDC,1713322800
0x3c3a81e81dc49a522a592e7622a7e711c06bf354,2024-04-16 23:00:00.000 UTC,1.124978,MNT,1713322800
0x96f6ef951840721adbf46ac996b59e0235cb985c,2024-04-16 23:00:00.000 UTC,1.03485,USDY,1713322800
0x2260fac5e5542a773aa44fbcfedf7c193bc2c599,2024-04-16 23:00:00.000 UTC,63820.23,WBTC,1713322800
0x6b175474e89094c44da98b954eedeac495271d0f,2024-04-16 23:00:00.000 UTC,1.001677,DAI,1713322800
0x3c3a81e81dc49a522a592e7622a7e711c06bf354,2024-04-16 23:00:00.000 UTC,1.124978,MNT,1713322800
0xc02aaa39b223fe8d0a0e5c4f27ead9083c756cc2,2024-04-16 23:00:00.000 UTC,3097.2,WETH,1713322800
0x96f6ef951840721adbf46ac996b59e0235cb985c,2024-04-16 23:02:00.000 UTC,1.03485,USDY,1713322920
0x96f6ef951840721adbf46ac996b59e0235cb985c,2024-04-16 23:04:00.000 UTC,1.03485,USDY,1713323040
0x3c3a81e81dc49a522a592e7622a7e711c06bf354,2024-04-16 23:05:00.000 UTC,1.123923,MNT,1713323100
0x3c3a81e81dc49a522a592e7622a7e711c06bf354,2024-04-16 23:05:00.000 UTC,1.123923,MNT,1713323100
0x96f6ef951840721adbf46ac996b59e0235cb985c,2024-04-16 23:06:00.000 UTC,1.034975,USDY,1713323160
0x96f6ef951840721adbf46ac996b59e0235cb985c,2024-04-16 23:08:00.000 UTC,1.034975,USDY,1713323280
0x6b175474e89094c44da98b954eedeac495271d0f,2024-04-16 23:10:00.000 UTC,1.001759,DAI,1713323400
0x3c3a81e81dc49a522a592e7622a7e711c06bf354,2024-04-16 23:10:00.000 UTC,1.125488,MNT,1713323400
0xd5f7838f5c461feff7fe49ea5ebaf7728bb0adfa,2024-04-16 23:10:00.000 UTC,3173.29,mETH,1713323400
0xdac17f958d2ee523a2206206994597c13d831ec7,2024-04-16 23:10:00.000 UTC,1.001106,USDT,1713323400
0xc02aaa39b223fe8d0a0e5c4f27ead9083c756cc2,2024-04-16 23:10:00.000 UTC,3095.35,WETH,1713323400
0x3c3a81e81dc49a522a592e7622a7e711c06bf354,2024-04-16 23:10:00.000 UTC,1.125488,MNT,1713323400
0xa0b86991c6218b36c1d19d4a2e9eb0ce3606eb48,2024-04-16 23:10:00.000 UTC,1.000827,USDC,1713323400
0x3c3a81e81dc49a522a592e7622a7e711c06bf354,2024-04-16 23:10:00.000 UTC,1.125488,MNT,1713323400
0x2260fac5e5542a773aa44fbcfedf7c193bc2c599,2024-04-16 23:10:00.000 UTC,63755.2,WBTC,1713323400
0x96f6ef951840721adbf46ac996b59e0235cb985c,2024-04-16 23:10:00.000 UTC,1.03472,USDY,1713323400
0x96f6ef951840721adbf46ac996b59e0235cb985c,2024-04-16 23:12:00.000 UTC,1.03472,USDY,1713323520
0x96f6ef951840721adbf46ac996b59e0235cb985c,2024-04-16 23:14:00.000 UTC,1.03472,USDY,1713323640
0x3c3a81e81dc49a522a592e7622a7e711c06bf354,2024-04-16 23:15:00.000 UTC,1.124444,MNT,1713323700
0x3c3a81e81dc49a522a592e7622a7e711c06bf354,2024-04-16 23:15:00.000 UTC,1.124444,MNT,1713323700
0x96f6ef951840721adbf46ac996b59e0235cb985c,2024-04-16 23:16:00.000 UTC,1.035295,USDY,1713323760
0x96f6ef951840721adbf46ac996b59e0235cb985c,2024-04-16 23:18:00.000 UTC,1.035295,USDY,1713323880
0x2260fac5e5542a773aa44fbcfedf7c193bc2c599,2024-04-16 23:20:00.000 UTC,63752.42,WBTC,1713324000
0xdac17f958d2ee523a2206206994597c13d831ec7,2024-04-16 23:20:00.000 UTC,1.001032,USDT,1713324000
0x96f6ef951840721adbf46ac996b59e0235cb985c,2024-04-16 23:20:00.000 UTC,1.034773,USDY,1713324000
0x3c3a81e81dc49a522a592e7622a7e711c06bf354,2024-04-16 23:20:00.000 UTC,1.121221,MNT,1713324000
0xc02aaa39b223fe8d0a0e5c4f27ead9083c756cc2,2024-04-16 23:20:00.000 UTC,3094.62,WETH,1713324000
0xd5f7838f5c461feff7fe49ea5ebaf7728bb0adfa,2024-04-16 23:20:00.000 UTC,3174.81,mETH,1713324000
0x3c3a81e81dc49a522a592e7622a7e711c06bf354,2024-04-16 23:20:00.000 UTC,1.121221,MNT,1713324000
0x3c3a81e81dc49a522a592e7622a7e711c06bf354,2024-04-16 23:20:00.000 UTC,1.121221,MNT,1713324000
0xa0b86991c6218b36c1d19d4a2e9eb0ce3606eb48,2024-04-16 23:20:00.000 UTC,1.000852,USDC,1713324000
0x6b175474e89094c44da98b954eedeac495271d0f,2024-04-16 23:20:00.000 UTC,1.001623,DAI,1713324000
0x96f6ef951840721adbf46ac996b59e0235cb985c,2024-04-16 23:22:00.000 UTC,1.034773,USDY,1713324120
0x96f6ef951840721adbf46ac996b59e0235cb985c,2024-04-16 23:24:00.000 UTC,1.034773,USDY,1713324240
0x3c3a81e81dc49a522a592e7622a7e711c06bf354,2024-04-16 23:25:00.000 UTC,1.122,MNT,1713324300
0x3c3a81e81dc49a522a592e7622a7e711c06bf354,2024-04-16 23:25:00.000 UTC,1.122,MNT,1713324300
0x96f6ef951840721adbf46ac996b59e0235cb985c,2024-04-16 23:26:00.000 UTC,1.034921,USDY,1713324360
0x96f6ef951840721adbf46ac996b59e0235cb985c,2024-04-16 23:28:00.000 UTC,1.034921,USDY,1713324480
0xd5f7838f5c461feff7fe49ea5ebaf7728bb0adfa,2024-04-16 23:30:00.000 UTC,3178.25,mETH,1713324600
0xc02aaa39b223fe8d0a0e5c4f27ead9083c756cc2,2024-04-16 23:30:00.000 UTC,3097.92,WETH,1713324600
0x3c3a81e81dc49a522a592e7622a7e711c06bf354,2024-04-16 23:30:00.000 UTC,1.122791,MNT,1713324600
0x3c3a81e81dc49a522a592e7622a7e711c06bf354,2024-04-16 23:30:00.000 UTC,1.122791,MNT,1713324600
0x96f6ef951840721adbf46ac996b59e0235cb985c,2024-04-16 23:30:00.000 UTC,1.034989,USDY,1713324600
0xa0b86991c6218b36c1d19d4a2e9eb0ce3606eb48,2024-04-16 23:30:00.000 UTC,1.001082,USDC,1713324600
0x2260fac5e5542a773aa44fbcfedf7c193bc2c599,2024-04-16 23:30:00.000 UTC,63881.26,WBTC,1713324600
0x6b175474e89094c44da98b954eedeac495271d0f,2024-04-16 23:30:00.000 UTC,1.001581,DAI,1713324600
0xdac17f958d2ee523a2206206994597c13d831ec7,2024-04-16 23:30:00.000 UTC,1.001332,USDT,1713324600
0x3c3a81e81dc49a522a592e7622a7e711c06bf354,2024-04-16 23:30:00.000 UTC,1.122791,MNT,1713324600
0x96f6ef951840721adbf46ac996b59e0235cb985c,2024-04-16 23:32:00.000 UTC,1.034989,USDY,1713324720
0x96f6ef951840721adbf46ac996b59e0235cb985c,2024-04-16 23:34:00.000 UTC,1.034989,USDY,1713324840
0x3c3a81e81dc49a522a592e7622a7e711c06bf354,2024-04-16 23:35:00.000 UTC,1.124384,MNT,1713324900
0x3c3a81e81dc49a522a592e7622a7e711c06bf354,2024-04-16 23:35:00.000 UTC,1.124384,MNT,1713324900
0x96f6ef951840721adbf46ac996b59e0235cb985c,2024-04-16 23:36:00.000 UTC,1.035101,USDY,1713324960
0x96f6ef951840721adbf46ac996b59e0235cb985c,2024-04-16 23:38:00.000 UTC,1.035101,USDY,1713325080
0xc02aaa39b223fe8d0a0e5c4f27ead9083c756cc2,2024-04-16 23:40:00.000 UTC,3095.18,WETH,1713325200
0x3c3a81e81dc49a522a592e7622a7e711c06bf354,2024-04-16 23:40:00.000 UTC,1.123082,MNT,1713325200
0x2260fac5e5542a773aa44fbcfedf7c193bc2c599,2024-04-16 23:40:00.000 UTC,63806.52,WBTC,1713325200
0x96f6ef951840721adbf46ac996b59e0235cb985c,2024-04-16 23:40:00.000 UTC,1.034862,USDY,1713325200
0x3c3a81e81dc49a522a592e7622a7e711c06bf354,2024-04-16 23:40:00.000 UTC,1.123082,MNT,1713325200
0xdac17f958d2ee523a2206206994597c13d831ec7,2024-04-16 23:40:00.000 UTC,1.001134,USDT,1713325200
0x3c3a81e81dc49a522a592e7622a7e711c06bf354,2024-04-16 23:40:00.000 UTC,1.123082,MNT,1713325200
0xd5f7838f5c461feff7fe49ea5ebaf7728bb0adfa,2024-04-16 23:40:00.000 UTC,3175.54,mETH,1713325200
0xa0b86991c6218b36c1d19d4a2e9eb0ce3606eb48,2024-04-16 23:40:00.000 UTC,1.000928,USDC,1713325200
0x6b175474e89094c44da98b954eedeac495271d0f,2024-04-16 23:40:00.000 UTC,1.000979,DAI,1713325200
0x96f6ef951840721adbf46ac996b59e0235cb985c,2024-04-16 23:42:00.000 UTC,1.034862,USDY,1713325320
0x96f6ef951840721adbf46ac996b59e0235cb985c,2024-04-16 23:44:00.000 UTC,1.034862,USDY,1713325440
0x3c3a81e81dc49a522a592e7622a7e711c06bf354,2024-04-16 23:45:00.000 UTC,1.122876,MNT,1713325500
0x3c3a81e81dc49a522a592e7622a7e711c06bf354,2024-04-16 23:45:00.000 UTC,1.122876,MNT,1713325500
0x96f6ef951840721adbf46ac996b59e0235cb985c,2024-04-16 23:46:00.000 UTC,1.034658,USDY,1713325560
0x96f6ef951840721adbf46ac996b59e0235cb985c,2024-04-16 23:48:00.000 UTC,1.034658,USDY,1713325680
0xc02aaa39b223fe8d0a0e5c4f27ead9083c756cc2,2024-04-16 23:50:00.000 UTC,3090.5,WETH,1713325800
0x3c3a81e81dc49a522a592e7622a7e711c06bf354,2024-04-16 23:50:00.000 UTC,1.120099,MNT,1713325800
0xd5f7838f5c461feff7fe49ea5ebaf7728bb0adfa,2024-04-16 23:50:00.000 UTC,3170.75,mETH,1713325800
0xa0b86991c6218b36c1d19d4a2e9eb0ce3606eb48,2024-04-16 23:50:00.000 UTC,1.000984,USDC,1713325800
0x96f6ef951840721adbf46ac996b59e0235cb985c,2024-04-16 23:50:00.000 UTC,1.034853,USDY,1713325800
0x3c3a81e81dc49a522a592e7622a7e711c06bf354,2024-04-16 23:50:00.000 UTC,1.120099,MNT,1713325800
0x2260fac5e5542a773aa44fbcfedf7c193bc2c599,2024-04-16 23:50:00.000 UTC,63750.85,WBTC,1713325800
0x3c3a81e81dc49a522a592e7622a7e711c06bf354,2024-04-16 23:50:00.000 UTC,1.120099,MNT,1713325800
0x6b175474e89094c44da98b954eedeac495271d0f,2024-04-16 23:50:00.000 UTC,1.000662,DAI,1713325800
0xdac17f958d2ee523a2206206994597c13d831ec7,2024-04-16 23:50:00.000 UTC,1.001391,USDT,1713325800
0x96f6ef951840721adbf46ac996b59e0235cb985c,2024-04-16 23:52:00.000 UTC,1.034853,USDY,1713325920
0x96f6ef951840721adbf46ac996b59e0235cb985c,2024-04-16 23:54:00.000 UTC,1.034853,USDY,1713326040
0x3c3a81e81dc49a522a592e7622a7e711c06bf354,2024-04-16 23:55:00.000 UTC,1.120026,MNT,1713326100
0x3c3a81e81dc49a522a592e7622a7e711c06bf354,2024-04-16 23:55:00.000 UTC,1.120026,MNT,1713326100
0x96f6ef951840721adbf46ac996b59e0235cb985c,2024-04-16 23:56:00.000 UTC,1.034996,USDY,1713326160
0x96f6ef951840721adbf46ac996b59e0235cb985c,2024-04-16 23:58:00.000 UTC,1.034996,USDY,1713326280
0xa0b86991c6218b36c1d19d4a2e9eb0ce3606eb48,2024-04-17 00:00:00.000 UTC,1.001054,USDC,1713326400
0x3c3a81e81dc49a522a592e7622a7e711c06bf354,2024-04-17 00:00:00.000 UTC,1.121169,MNT,1713326400
0xc02aaa39b223fe8d0a0e5c4f27ead9083c756cc2,2024-04-17 00:00:00.000 UTC,3088.76,WETH,1713326400
0x2260fac5e5542a773aa44fbcfedf7c193bc2c599,2024-04-17 00:00:00.000 UTC,63744.42,WBTC,1713326400
0x3c3a81e81dc49a522a592e7622a7e711c06bf354,2024-04-17 00:00:00.000 UTC,1.121169,MNT,1713326400
0xdac17f958d2ee523a2206206994597c13d831ec7,2024-04-17 00:00:00.000 UTC,1.001254,USDT,1713326400
0x6b175474e89094c44da98b954eedeac495271d0f,2024-04-17 00:00:00.000 UTC,1.000414,DAI,1713326400
0x3c3a81e81dc49a522a592e7622a7e711c06bf354,2024-04-17 00:00:00.000 UTC,1.121169,MNT,1713326400
0xd5f7838f5c461feff7fe49ea5ebaf7728bb0adfa,2024-04-17 00:00:00.000 UTC,3167.41,mETH,1713326400
0x96f6ef951840721adbf46ac996b59e0235cb985c,2024-04-17 00:00:00.000 UTC,1.034764,USDY,1713326400
0x96f6ef951840721adbf46ac996b59e0235cb985c,2024-04-17 00:02:00.000 UTC,1.034764,USDY,1713326520
0x96f6ef951840721adbf46ac996b59e0235cb985c,2024-04-17 00:04:00.000 UTC,1.034764,USDY,1713326640
0x3c3a81e81dc49a522a592e7622a7e711c06bf354,2024-04-17 00:05:00.000 UTC,1.127945,MNT,1713326700
0x3c3a81e81dc49a522a592e7622a7e711c06bf354,2024-04-17 00:05:00.000 UTC,1.127945,MNT,1713326700
0x96f6ef951840721adbf46ac996b59e0235cb985c,2024-04-17 00:06:00.000 UTC,1.034679,USDY,1713326760
0x96f6ef951840721adbf46ac996b59e0235cb985c,2024-04-17 00:08:00.000 UTC,1.034679,USDY,1713326880
0x6b175474e89094c44da98b954eedeac495271d0f,2024-04-17 00:10:00.000 UTC,1.001048,DAI,1713327000
0xd5f7838f5c461feff7fe49ea5ebaf7728bb0adfa,2024-04-17 00:10:00.000 UTC,3168.59,mETH,1713327000
0x3c3a81e81dc49a522a592e7622a7e711c06bf354,2024-04-17 00:10:00.000 UTC,1.140436,MNT,1713327000
0x96f6ef951840721adbf46ac996b59e0235cb985c,2024-04-17 00:10:00.000 UTC,1.035494,USDY,1713327000
0x3c3a81e81dc49a522a592e7622a7e711c06bf354,2024-04-17 00:10:00.000 UTC,1.140436,MNT,1713327000
0x3c3a81e81dc49a522a592e7622a7e711c06bf354,2024-04-17 00:10:00.000 UTC,1.140436,MNT,1713327000
0xdac17f958d2ee523a2206206994597c13d831ec7,2024-04-17 00:10:00.000 UTC,1.002046,USDT,1713327000
0xc02aaa39b223fe8d0a0e5c4f27ead9083c756cc2,2024-04-17 00:10:00.000 UTC,3088.45,WETH,1713327000
0x2260fac5e5542a773aa44fbcfedf7c193bc2c599,2024-04-17 00:10:00.000 UTC,63739.07,WBTC,1713327000
0xa0b86991c6218b36c1d19d4a2e9eb0ce3606eb48,2024-04-17 00:10:00.000 UTC,1.001498,USDC,1713327000
0x96f6ef951840721adbf46ac996b59e0235cb985c,2024-04-17 00:12:00.000 UTC,1.035494,USDY,1713327120
0x96f6ef951840721adbf46ac996b59e0235cb985c,2024-04-17 00:14:00.000 UTC,1.035494,USDY,1713327240
0x3c3a81e81dc49a522a592e7622a7e711c06bf354,2024-04-17 00:15:00.000 UTC,1.145831,MNT,1713327300
0x3c3a81e81dc49a522a592e7622a7e711c06bf354,2024-04-17 00:15:00.000 UTC,1.145831,MNT,1713327300
0x96f6ef951840721adbf46ac996b59e0235cb985c,2024-04-17 00:16:00.000 UTC,1.034624,USDY,1713327360
0x96f6ef951840721adbf46ac996b59e0235cb985c,2024-04-17 00:18:00.000 UTC,1.034624,USDY,1713327480
0xdac17f958d2ee523a2206206994597c13d831ec7,2024-04-17 00:20:00.000 UTC,1.00134,USDT,1713327600
0x6b175474e89094c44da98b954eedeac495271d0f,2024-04-17 00:20:00.000 UTC,1.001351,DAI,1713327600
0x3c3a81e81dc49a522a592e7622a7e711c06bf354,2024-04-17 00:20:00.000 UTC,1.147159,MNT,1713327600
0xc02aaa39b223fe8d0a0e5c4f27ead9083c756cc2,2024-04-17 00:20:00.000 UTC,3084.2,WETH,1713327600
0x96f6ef951840721adbf46ac996b59e0235cb985c,2024-04-17 00:20:00.000 UTC,1.035075,USDY,1713327600
0xd5f7838f5c461feff7fe49ea5ebaf7728bb0adfa,2024-04-17 00:20:00.000 UTC,3162.78,mETH,1713327600
0xa0b86991c6218b36c1d19d4a2e9eb0ce3606eb48,2024-04-17 00:20:00.000 UTC,1.001143,USDC,1713327600
0x3c3a81e81dc49a522a592e7622a7e711c06bf354,2024-04-17 00:20:00.000 UTC,1.147159,MNT,1713327600
0x3c3a81e81dc49a522a592e7622a7e711c06bf354,2024-04-17 00:20:00.000 UTC,1.147159,MNT,1713327600
0x2260fac5e5542a773aa44fbcfedf7c193bc2c599,2024-04-17 00:20:00.000 UTC,63724.47,WBTC,1713327600
0x96f6ef951840721adbf46ac996b59e0235cb985c,2024-04-17 00:22:00.000 UTC,1.035075,USDY,1713327720
0x96f6ef951840721adbf46ac996b59e0235cb985c,2024-04-17 00:24:00.000 UTC,1.035075,USDY,1713327840
0x3c3a81e81dc49a522a592e7622a7e711c06bf354,2024-04-17 00:25:00.000 UTC,1.151055,MNT,1713327900
0x3c3a81e81dc49a522a592e7622a7e711c06bf354,2024-04-17 00:25:00.000 UTC,1.151055,MNT,1713327900
0x96f6ef951840721adbf46ac996b59e0235cb985c,2024-04-17 00:26:00.000 UTC,1.034907,USDY,1713327960
0x96f6ef951840721adbf46ac996b59e0235cb985c,2024-04-17 00:28:00.000 UTC,1.034907,USDY,1713328080
0x3c3a81e81dc49a522a592e7622a7e711c06bf354,2024-04-17 00:30:00.000 UTC,1.153203,MNT,1713328200
0x3c3a81e81dc49a522a592e7622a7e711c06bf354,2024-04-17 00:30:00.000 UTC,1.153203,MNT,1713328200
0xa0b86991c6218b36c1d19d4a2e9eb0ce3606eb48,2024-04-17 00:30:00.000 UTC,1.000715,USDC,1713328200
0xd5f7838f5c461feff7fe49ea5ebaf7728bb0adfa,2024-04-17 00:30:00.000 UTC,3162.44,mETH,1713328200
0xc02aaa39b223fe8d0a0e5c4f27ead9083c756cc2,2024-04-17 00:30:00.000 UTC,3081.93,WETH,1713328200
0x96f6ef951840721adbf46ac996b59e0235cb985c,2024-04-17 00:30:00.000 UTC,1.034477,USDY,1713328200
0x3c3a81e81dc49a522a592e7622a7e711c06bf354,2024-04-17 00:30:00.000 UTC,1.153203,MNT,1713328200
0x2260fac5e5542a773aa44fbcfedf7c193bc2c599,2024-04-17 00:30:00.000 UTC,63677.62,WBTC,1713328200
0x6b175474e89094c44da98b954eedeac495271d0f,2024-04-17 00:30:00.000 UTC,1.000563,DAI,1713328200
0xdac17f958d2ee523a2206206994597c13d831ec7,2024-04-17 00:30:00.000 UTC,1.00088,USDT,1713328200
0x96f6ef951840721adbf46ac996b59e0235cb985c,2024-04-17 00:32:00.000 UTC,1.034477,USDY,1713328320
0x96f6ef951840721adbf46ac996b59e0235cb985c,2024-04-17 00:34:00.000 UTC,1.034477,USDY,1713328440
0x3c3a81e81dc49a522a592e7622a7e711c06bf354,2024-04-17 00:35:00.000 UTC,1.160666,MNT,1713328500
0x3c3a81e81dc49a522a592e7622a7e711c06bf354,2024-04-17 00:35:00.000 UTC,1.160666,MNT,1713328500
0x96f6ef951840721adbf46ac996b59e0235cb985c,2024-04-17 00:36:00.000 UTC,1.035091,USDY,1713328560
0x96f6ef951840721adbf46ac996b59e0235cb985c,2024-04-17 00:38:00.000 UTC,1.035091,USDY,1713328680
0x2260fac5e5542a773aa44fbcfedf7c193bc2c599,2024-04-17 00:40:00.000 UTC,63713.26,WBTC,1713328800
0x6b175474e89094c44da98b954eedeac495271d0f,2024-04-17 00:40:00.000 UTC,1.00028,DAI,1713328800
0x3c3a81e81dc49a522a592e7622a7e711c06bf354,2024-04-17 00:40:00.000 UTC,1.151714,MNT,1713328800
0xdac17f958d2ee523a2206206994597c13d831ec7,2024-04-17 00:40:00.000 UTC,1.000961,USDT,1713328800
0xd5f7838f5c461feff7fe49ea5ebaf7728bb0adfa,2024-04-17 00:40:00.000 UTC,3161.91,mETH,1713328800
0x96f6ef951840721adbf46ac996b59e0235cb985c,2024-04-17 00:40:00.000 UTC,1.034463,USDY,1713328800
0xc02aaa39b223fe8d0a0e5c4f27ead9083c756cc2,2024-04-17 00:40:00.000 UTC,3084.31,WETH,1713328800
0xa0b86991c6218b36c1d19d4a2e9eb0ce3606eb48,2024-04-17 00:40:00.000 UTC,1.00062,USDC,1713328800
0x3c3a81e81dc49a522a592e7622a7e711c06bf354,2024-04-17 00:40:00.000 UTC,1.151714,MNT,1713328800
0x3c3a81e81dc49a522a592e7622a7e711c06bf354,2024-04-17 00:40:00.000 UTC,1.151714,MNT,1713328800
0x96f6ef951840721adbf46ac996b59e0235cb985c,2024-04-17 00:42:00.000 UTC,1.034463,USDY,1713328920
0x96f6ef951840721adbf46ac996b59e0235cb985c,2024-04-17 00:44:00.000 UTC,1.034463,USDY,1713329040
0x3c3a81e81dc49a522a592e7622a7e711c06bf354,2024-04-17 00:45:00.000 UTC,1.158469,MNT,1713329100
0x3c3a81e81dc49a522a592e7622a7e711c06bf354,2024-04-17 00:45:00.000 UTC,1.158469,MNT,1713329100
0x96f6ef951840721adbf46ac996b59e0235cb985c,2024-04-17 00:46:00.000 UTC,1.034785,USDY,1713329160
0x96f6ef951840721adbf46ac996b59e0235cb985c,2024-04-17 00:48:00.000 UTC,1.034785,USDY,1713329280
0x6b175474e89094c44da98b954eedeac495271d0f,2024-04-17 00:50:00.000 UTC,1.001061,DAI,1713329400
0x3c3a81e81dc49a522a592e7622a7e711c06bf354,2024-04-17 00:50:00.000 UTC,1.165747,MNT,1713329400
0x96f6ef951840721adbf46ac996b59e0235cb985c,2024-04-17 00:50:00.000 UTC,1.033404,USDY,1713329400
0xc02aaa39b223fe8d0a0e5c4f27ead9083c756cc2,2024-04-17 00:50:00.000 UTC,3093.26,WETH,1713329400
0xd5f7838f5c461feff7fe49ea5ebaf7728bb0adfa,2024-04-17 00:50:00.000 UTC,3172.53,mETH,1713329400
0x2260fac5e5542a773aa44fbcfedf7c193bc2c599,2024-04-17 00:50:00.000 UTC,63922.61,WBTC,1713329400
0x3c3a81e81dc49a522a592e7622a7e711c06bf354,2024-04-17 00:50:00.000 UTC,1.165747,MNT,1713329400
0xdac17f958d2ee523a2206206994597c13d831ec7,2024-04-17 00:50:00.000 UTC,0.99947,USDT,1713329400
0xa0b86991c6218b36c1d19d4a2e9eb0ce3606eb48,2024-04-17 00:50:00.000 UTC,0.999602,USDC,1713329400
0x3c3a81e81dc49a522a592e7622a7e711c06bf354,2024-04-17 00:50:00.000 UTC,1.165747,MNT,1713329400
0x96f6ef951840721adbf46ac996b59e0235cb985c,2024-04-17 00:52:00.000 UTC,1.033404,USDY,1713329520
0x96f6ef951840721adbf46ac996b59e0235cb985c,2024-04-17 00:54:00.000 UTC,1.033404,USDY,1713329640
0x3c3a81e81dc49a522a592e7622a7e711c06bf354,2024-04-17 00:55:00.000 UTC,1.171746,MNT,1713329700
0x3c3a81e81dc49a522a592e7622a7e711c06bf354,2024-04-17 00:55:00.000 UTC,1.171746,MNT,1713329700
0x96f6ef951840721adbf46ac996b59e0235cb985c,2024-04-17 00:56:00.000 UTC,1.035184,USDY,1713329760
0x96f6ef951840721adbf46ac996b59e0235cb985c,2024-04-17 00:58:00.000 UTC,1.035184,USDY,1713329880
0x3c3a81e81dc49a522a592e7622a7e711c06bf354,2024-04-17 01:00:00.000 UTC,1.17553,MNT,1713330000
0xd5f7838f5c461feff7fe49ea5ebaf7728bb0adfa,2024-04-17 01:00:00.000 UTC,3180.85,mETH,1713330000
0x3c3a81e81dc49a522a592e7622a7e711c06bf354,2024-04-17 01:00:00.000 UTC,1.17553,MNT,1713330000
0x3c3a81e81dc49a522a592e7622a7e711c06bf354,2024-04-17 01:00:00.000 UTC,1.17553,MNT,1713330000
